run,repetition,module,name,count,sumweights,mean,stddev,min,max,rowtype,data...
SCHEDULING-EFFECT-Pretio-wl-20run-10VMs-Scheduling-on-QDrop-off-0-20211023-22:24:48-22052,0,PretioWithLB.client[0].app[0],respTime:histogram,9892,,7.4343809031819,3.3081829366468,0.717947417037,30.424324566378,bins,-Inf,0,0.5,1,1.5,2,2.5,3,3.5,4,4.5,5,5.5,6,6.5,7,7.5,8,8.5,9,9.5,10,10.5,11,11.5,12,12.5,13,13.5,14,14.5,15,15.5,16,16.5,17,17.5,18,18.5,19,19.5,20,20.5,21,21.5,22,22.5,23,23.5,24,24.5,25,25.5,26,26.5,27,27.5,28,28.5,29,29.5,30,30.5
SCHEDULING-EFFECT-Pretio-wl-20run-10VMs-Scheduling-on-QDrop-off-0-20211023-22:24:48-22052,0,PretioWithLB.client[0].app[0],respTime:histogram,,,,,,,,counters,0,0,7,32,106,174,267,362,445,502,550,644,635,608,618,574,567,495,467,426,390,346,310,240,196,177,162,133,95,74,59,46,36,30,18,21,22,12,10,7,3,5,3,2,2,3,1,1,1,1,2,2,0,1,0,0,0,1,0,0,0,1,0
SCHEDULING-EFFECT-Pretio-wl-20run-10VMs-Scheduling-on-QDrop-off-0-20211023-22:24:48-22052,0,PretioWithLB.client[1].app[0],respTime:histogram,8957,,8.2487287443392,3.6017415226452,0.694687113988,28.975273358052,bins,-Inf,0,0.5,1,1.5,2,2.5,3,3.5,4,4.5,5,5.5,6,6.5,7,7.5,8,8.5,9,9.5,10,10.5,11,11.5,12,12.5,13,13.5,14,14.5,15,15.5,16,16.5,17,17.5,18,18.5,19,19.5,20,20.5,21,21.5,22,22.5,23,23.5,24,24.5,25,25.5,26,26.5,27,27.5,28,28.5,29
SCHEDULING-EFFECT-Pretio-wl-20run-10VMs-Scheduling-on-QDrop-off-0-20211023-22:24:48-22052,0,PretioWithLB.client[1].app[0],respTime:histogram,,,,,,,,counters,0,0,4,26,64,106,161,227,318,354,394,451,481,530,499,519,537,514,453,426,399,375,330,259,241,214,184,153,127,91,116,59,69,48,37,37,34,20,21,16,11,9,7,9,6,1,5,4,2,5,0,1,0,2,0,0,0,0,1,0
SCHEDULING-EFFECT-Pretio-wl-20run-10VMs-Scheduling-on-QDrop-off-0-20211023-22:24:48-22052,0,PretioWithLB.client[3].app[0],respTime:histogram,7857,,9.4190732150878,4.0150353220456,0.659148046533,38.112924903196,bins,-Inf,0,0.5,1,1.5,2,2.5,3,3.5,4,4.5,5,5.5,6,6.5,7,7.5,8,8.5,9,9.5,10,10.5,11,11.5,12,12.5,13,13.5,14,14.5,15,15.5,16,16.5,17,17.5,18,18.5,19,19.5,20,20.5,21,21.5,22,22.5,23,23.5,24,24.5,25,25.5,26,26.5,27,27.5,28,28.5,29,29.5,30,30.5,31,31.5,32,32.5,33,33.5,34,34.5,35,35.5,36,36.5,37,37.5,38,38.5
SCHEDULING-EFFECT-Pretio-wl-20run-10VMs-Scheduling-on-QDrop-off-0-20211023-22:24:48-22052,0,PretioWithLB.client[3].app[0],respTime:histogram,,,,,,,,counters,0,0,4,11,30,45,94,124,159,207,277,290,327,351,401,404,437,437,402,393,371,381,312,299,271,247,203,199,180,135,142,107,100,92,67,67,57,46,25,25,36,20,12,16,7,11,3,2,3,5,2,2,5,2,1,0,2,2,1,0,0,2,0,1,0,1,1,0,0,0,0,0,0,0,0,0,0,1,0
SCHEDULING-EFFECT-Pretio-wl-20run-10VMs-Scheduling-on-QDrop-off-0-20211023-22:24:48-22052,0,PretioWithLB.client[4].app[0],respTime:histogram,7901,,9.3560161013793,4.0755134974824,0.660893480741,48.35098288843,bins,-Inf,0,1,2,3,4,5,6,7,8,9,10,11,12,13,14,15,16,17,18,19,20,21,22,23,24,25,26,27,28,29,30,31,32,33,34,35,36,37,38,39,40,41,42,43,44,45,46,47,48,49
SCHEDULING-EFFECT-Pretio-wl-20run-10VMs-Scheduling-on-QDrop-off-0-20211023-22:24:48-22052,0,PretioWithLB.client[4].app[0],respTime:histogram,,,,,,,,counters,0,2,46,145,321,490,635,764,849,817,807,691,530,455,355,265,216,148,112,70,51,44,27,20,10,11,3,9,0,3,1,2,1,0,0,0,0,0,0,0,0,0,0,0,0,0,0,0,0,1,0
SCHEDULING-EFFECT-Pretio-wl-20run-10VMs-Scheduling-on-QDrop-off-0-20211023-22:24:48-22052,0,PretioWithLB.client[5].app[0],respTime:histogram,7869,,9.4217730931361,4.1102656397405,0.737102784512,92.941819560816,bins,-Inf,0,2,4,6,8,10,12,14,16,18,20,22,24,26,28,30,32,34,36,38,40,42,44,46,48,50,52,54,56,58,60,62,64,66,68,70,72,74,76,78,80,82,84,86,88,90,92,94
SCHEDULING-EFFECT-Pretio-wl-20run-10VMs-Scheduling-on-QDrop-off-0-20211023-22:24:48-22052,0,PretioWithLB.client[5].app[0],respTime:histogram,,,,,,,,counters,0,51,449,1100,1567,1572,1273,832,530,268,120,68,18,11,3,3,1,1,0,0,1,0,0,0,0,0,0,0,0,0,0,0,0,0,0,0,0,0,0,0,0,0,0,0,0,0,0,1,0
SCHEDULING-EFFECT-Pretio-wl-20run-10VMs-Scheduling-on-QDrop-off-0-20211023-22:24:48-22052,0,PretioWithLB.client[8].app[0],respTime:histogram,6862,,10.80248303374,4.4641950527339,1.071175710374,44.773900130824,bins,-Inf,0,0.5,1,1.5,2,2.5,3,3.5,4,4.5,5,5.5,6,6.5,7,7.5,8,8.5,9,9.5,10,10.5,11,11.5,12,12.5,13,13.5,14,14.5,15,15.5,16,16.5,17,17.5,18,18.5,19,19.5,20,20.5,21,21.5,22,22.5,23,23.5,24,24.5,25,25.5,26,26.5,27,27.5,28,28.5,29,29.5,30,30.5,31,31.5,32,32.5,33,33.5,34,34.5,35,35.5,36,36.5,37,37.5,38,38.5,39,39.5,40,40.5,41,41.5,42,42.5,43,43.5,44,44.5,45
SCHEDULING-EFFECT-Pretio-wl-20run-10VMs-Scheduling-on-QDrop-off-0-20211023-22:24:48-22052,0,PretioWithLB.client[8].app[0],respTime:histogram,,,,,,,,counters,0,0,0,6,10,28,48,68,93,112,152,186,201,221,262,289,268,337,310,333,314,347,284,253,281,261,254,215,217,199,155,163,150,125,113,77,99,74,60,48,37,35,22,24,12,24,17,10,12,10,9,6,5,2,3,3,2,2,2,3,2,1,2,0,0,0,0,1,0,0,0,0,2,0,0,0,0,0,0,0,0,0,0,0,0,0,0,0,0,0,1,0
SCHEDULING-EFFECT-Pretio-wl-20run-10VMs-Scheduling-on-QDrop-off-0-20211023-22:24:48-22052,0,PretioWithLB.client[10].app[0],respTime:histogram,5975,,12.400797074735,4.8931667396216,0.628064544232,33.610737640503,bins,-Inf,0,0.5,1,1.5,2,2.5,3,3.5,4,4.5,5,5.5,6,6.5,7,7.5,8,8.5,9,9.5,10,10.5,11,11.5,12,12.5,13,13.5,14,14.5,15,15.5,16,16.5,17,17.5,18,18.5,19,19.5,20,20.5,21,21.5,22,22.5,23,23.5,24,24.5,25,25.5,26,26.5,27,27.5,28,28.5,29,29.5,30,30.5,31,31.5,32,32.5,33,33.5,34,34.5
SCHEDULING-EFFECT-Pretio-wl-20run-10VMs-Scheduling-on-QDrop-off-0-20211023-22:24:48-22052,0,PretioWithLB.client[10].app[0],respTime:histogram,,,,,,,,counters,0,0,1,1,7,8,11,37,44,52,83,92,119,144,163,166,215,183,242,218,247,232,241,266,241,268,253,211,212,226,164,177,167,143,148,100,138,92,97,71,63,56,42,47,41,42,36,22,15,21,21,13,14,17,8,2,8,4,5,5,2,2,0,1,1,2,0,3,2,0,0
SCHEDULING-EFFECT-Pretio-wl-20run-10VMs-Scheduling-on-QDrop-off-0-20211023-22:24:48-22052,0,PretioWithLB.client[16].app[0],respTime:histogram,5869,,12.590302932161,4.8792301348503,0.582899486607,39.052295171471,bins,-Inf,0,0.5,1,1.5,2,2.5,3,3.5,4,4.5,5,5.5,6,6.5,7,7.5,8,8.5,9,9.5,10,10.5,11,11.5,12,12.5,13,13.5,14,14.5,15,15.5,16,16.5,17,17.5,18,18.5,19,19.5,20,20.5,21,21.5,22,22.5,23,23.5,24,24.5,25,25.5,26,26.5,27,27.5,28,28.5,29,29.5,30,30.5,31,31.5,32,32.5,33,33.5,34,34.5,35,35.5,36,36.5,37,37.5,38,38.5,39,39.5
SCHEDULING-EFFECT-Pretio-wl-20run-10VMs-Scheduling-on-QDrop-off-0-20211023-22:24:48-22052,0,PretioWithLB.client[16].app[0],respTime:histogram,,,,,,,,counters,0,0,2,0,8,6,12,26,44,47,76,93,118,109,144,157,179,209,204,223,220,232,283,242,240,240,245,205,220,209,176,200,175,146,145,111,129,88,100,96,73,66,67,39,27,48,23,25,28,12,24,13,13,10,6,4,4,8,6,2,0,2,2,0,0,0,0,3,0,0,0,1,1,0,0,1,0,0,1,1,0
SCHEDULING-EFFECT-Pretio-wl-20run-10VMs-Scheduling-on-QDrop-off-0-20211023-22:24:48-22052,0,PretioWithLB.client[17].app[0],respTime:histogram,5941,,12.462768758673,4.8291852564683,1.54998538012,36.501893385641,bins,-Inf,0,0.5,1,1.5,2,2.5,3,3.5,4,4.5,5,5.5,6,6.5,7,7.5,8,8.5,9,9.5,10,10.5,11,11.5,12,12.5,13,13.5,14,14.5,15,15.5,16,16.5,17,17.5,18,18.5,19,19.5,20,20.5,21,21.5,22,22.5,23,23.5,24,24.5,25,25.5,26,26.5,27,27.5,28,28.5,29,29.5,30,30.5,31,31.5,32,32.5,33,33.5,34,34.5,35,35.5,36,36.5,37
SCHEDULING-EFFECT-Pretio-wl-20run-10VMs-Scheduling-on-QDrop-off-0-20211023-22:24:48-22052,0,PretioWithLB.client[17].app[0],respTime:histogram,,,,,,,,counters,0,0,0,0,10,7,17,30,34,50,68,85,109,151,147,175,180,197,228,232,250,262,256,250,256,254,229,226,191,210,183,197,157,176,117,124,123,112,79,72,66,64,60,52,37,32,27,22,28,23,16,11,3,5,7,6,5,5,4,5,6,3,2,3,2,0,0,0,1,0,0,0,1,0,1,0
SCHEDULING-EFFECT-Pretio-wl-20run-10VMs-Scheduling-on-QDrop-off-0-20211023-22:24:48-22052,0,PretioWithLB.client[18].app[0],respTime:histogram,5908,,12.559520566608,4.9018970731734,1.413364731793,41.727828160248,bins,-Inf,0,0.5,1,1.5,2,2.5,3,3.5,4,4.5,5,5.5,6,6.5,7,7.5,8,8.5,9,9.5,10,10.5,11,11.5,12,12.5,13,13.5,14,14.5,15,15.5,16,16.5,17,17.5,18,18.5,19,19.5,20,20.5,21,21.5,22,22.5,23,23.5,24,24.5,25,25.5,26,26.5,27,27.5,28,28.5,29,29.5,30,30.5,31,31.5,32,32.5,33,33.5,34,34.5,35,35.5,36,36.5,37,37.5,38,38.5,39,39.5,40,40.5,41,41.5,42
SCHEDULING-EFFECT-Pretio-wl-20run-10VMs-Scheduling-on-QDrop-off-0-20211023-22:24:48-22052,0,PretioWithLB.client[18].app[0],respTime:histogram,,,,,,,,counters,0,0,0,2,8,12,17,24,46,52,77,83,96,129,126,177,205,198,211,211,237,245,278,237,258,233,239,233,204,193,194,174,175,159,145,112,124,102,79,77,71,68,69,48,41,45,42,21,21,15,20,7,11,10,7,5,3,4,8,0,3,6,1,3,0,2,1,0,1,0,1,0,0,0,0,1,0,0,0,0,0,0,0,0,1,0
