ResponseTime PretioWithLB.client[0].app[0] (#0 - LOAD_Variation_SCHEDULING-EFFECT-Pretio-wl-10run-Scheduling-on-QDrop-off-0-20210928-12:29:53-6384),,ResponseTime PretioWithLB.client[5].app[0] (#0 - LOAD_Variation_SCHEDULING-EFFECT-Pretio-wl-10run-Scheduling-on-QDrop-off-0-20210928-12:29:53-6384),,ResponseTime PretioWithLB.client[4].app[0] (#0 - LOAD_Variation_SCHEDULING-EFFECT-Pretio-wl-10run-Scheduling-on-QDrop-off-0-20210928-12:29:53-6384),,ResponseTime PretioWithLB.client[3].app[0] (#0 - LOAD_Variation_SCHEDULING-EFFECT-Pretio-wl-10run-Scheduling-on-QDrop-off-0-20210928-12:29:53-6384),,ResponseTime PretioWithLB.client[8].app[0] (#0 - LOAD_Variation_SCHEDULING-EFFECT-Pretio-wl-10run-Scheduling-on-QDrop-off-0-20210928-12:29:53-6384),,ResponseTime PretioWithLB.client[9].app[0] (#0 - LOAD_Variation_SCHEDULING-EFFECT-Pretio-wl-10run-Scheduling-on-QDrop-off-0-20210928-12:29:53-6384),,ResponseTime PretioWithLB.client[6].app[0] (#0 - LOAD_Variation_SCHEDULING-EFFECT-Pretio-wl-10run-Scheduling-on-QDrop-off-0-20210928-12:29:53-6384),,ResponseTime PretioWithLB.client[7].app[0] (#0 - LOAD_Variation_SCHEDULING-EFFECT-Pretio-wl-10run-Scheduling-on-QDrop-off-0-20210928-12:29:53-6384),,ResponseTime PretioWithLB.client[1].app[0] (#0 - LOAD_Variation_SCHEDULING-EFFECT-Pretio-wl-10run-Scheduling-on-QDrop-off-0-20210928-12:29:53-6384),,ResponseTime PretioWithLB.client[2].app[0] (#0 - LOAD_Variation_SCHEDULING-EFFECT-Pretio-wl-10run-Scheduling-on-QDrop-off-0-20210928-12:29:53-6384),
110.680324944016,109.6803249440199859,230.268642716696,229.2686427166999571,234.690714228092,233.6907142280899727,297.452851013703,296.452851013699955,305.023316318065,304.0233163180599817,305.605348762606,304.6053487626099912,305.791194728458,304.7911947284600265,337.441002439541,336.4410024395399425,10797.130973306894,309.1309733068899267,31384.108642584676,657.1086425846799535
262.358053320223,147.7505294356599843,578.540320941168,317.261511558180017,489.925951894894,228.4214849943899697,631.004083698725,307.158722090909917,727.427410762644,378.5740838013999775,746.537009335624,377.158451374269928,748.680974950838,365.586687138089927,745.618758886133,361.8050229347800252,11079.463372826239,241.4749063531600077,32312.707146219318,853.1202931395198415
526.565996491384,258.5497032238099555,1039.024590010573,415.2355307112799195,1072.744242767255,494.295252815159982,1052.690237183514,248.72665740407001,1046.175808880261,288.5890904625399562,1030.933350100636,247.5035523695399877,1086.233453873245,285.779192465369987,1090.329835261056,331.4376177992600095,11368.981174662265,206.5280740283599806,32924.2885731956,550.6535352794999175
763.331743477523,234.40235423032999,1384.95797036668,330.8685497445899257,1421.533398403778,306.0242533393100065,1382.983377702418,308.455214393339928,1513.130211971828,430.8602800546099145,1421.049531453013,373.4813764273899315,1519.82000920266,372.0271534502999187,1551.732316104965,403.782867990119938,11825.489938201527,396.2162739479599607,33347.152717208042,334.9043205281599267
1042.28486963033,121.6632713251999856,1970.564658661442,576.445310970919988,1995.874722014242,381.0399981822499727,1863.378324548094,477.3319750135799475,2111.553524201814,555.7873440329799425,1891.685521674421,385.5366391944800157,2082.716270977929,495.137281846479935,2140.830347199245,520.831681008520034,12092.286919679097,213.3979392768299582,33914.591884195713,540.118121920429983
1263.459372207759,220.241742761859995,2470.146548280276,474.4873334901899375,2483.236224493249,486.2855543194299315,2390.232259617569,520.75361784857,2471.499981243852,323.4976283973500117,2355.914689974287,419.814978449549925,2423.351993061385,324.342818410890003,2535.60514153022,286.233274327689968,12366.195992995483,251.183961166589994,34578.599353416587,524.9261607455798625
1506.459987607075,241.770940969389982,3000.080155594997,501.8010181015999925,3022.796034383076,513.456050408829922,2731.984468397667,314.988633539789929,3262.213617693798,764.44220486271001,3047.430119970947,675.78451543069991,3120.263289418167,651.4741525663798685,3309.692739157011,530.706716503539836,12666.791391556958,241.2027631906399837,35400.06607744355,720.4381020482398955
1741.450701670432,228.155447685880005,3218.16978273319,195.3637152572499635,3239.491669632782,206.7878901522900031,3161.459598725357,387.0828651501899445,3810.563834272751,541.597046072520014,3413.233643284335,314.9581817238399695,3700.884014653864,552.411727661739858,3961.715648373155,563.2181946215998755,12830.294586220332,154.3179846785299668,36199.531914476726,703.7030966157399215
1967.304673205926,134.979314898690006,3461.077848253586,235.1584963469699677,3494.605641861279,248.4180669862899992,3400.940505745837,230.4123194231700031,4480.231494430284,555.5672161363099785,4216.446515074734,661.6731198004799785,4406.907834383516,660.707615798849926,4445.525419601144,229.922765232659969,13169.14605064285,308.9000868079299367,36821.513100950054,554.244140961809988
2070.204527823722,100.8071450355499789,3836.466893667832,350.8053250206600052,3888.219926614798,332.147325415089993,3755.068342381586,307.214581169719962,5070.88360117345,563.792813156209829,4767.07541409691,506.0585312898099325,4827.979769576856,411.4081874940799237,5052.455720758847,545.6345048199898405,13554.295424682606,301.89156178718997,37377.814802063925,513.1764384703199065
2248.336641267492,136.6597037568499781,4262.216147270853,378.9228315035600177,4327.263907053549,379.2573360010200062,4259.446622296637,494.317137629799957,5682.755469358454,543.163625011889961,5314.059367914864,494.047961115359952,5319.78884571703,462.044244429589979,5616.513548962864,544.159352304779985,14126.963007667161,506.088055594919977,38284.85241896286,842.5202778685600125
2469.258536978969,147.4709818859499812,4675.831087557843,400.0460665959799362,4816.864451775353,366.4712381297999842,4641.971142318201,370.100487842909955,6208.34354427842,436.0061909718499452,6051.488363826214,691.4953384510399675,6055.162052024866,692.767097543870019,6159.906616402335,416.9977644048699392,14416.683250022781,265.010133927789979,39236.15719644904,875.693397140909835
2715.566942447763,245.546923877999972,5048.025481843188,362.1617978482800017,5226.342555321033,303.496439110889922,5020.013175309882,334.9233109415799837,6819.35719570774,488.299860229659996,6668.009523271378,586.342142543810039,6703.846730861591,608.5413381309999725,6797.394516275913,592.677461261589994,14757.537648839271,297.4473459805299157,39647.920020069369,331.4770090370899415
2774.452177826882,56.16552847727599815,5473.659135803903,389.6333551197000117,5732.142370984294,461.724335956599928,5461.930624995263,403.763888508629974,7283.500459999882,383.3236082574899217,7141.286901150759,433.2017488064000175,7115.889684890574,370.067158454629974,7277.157843971072,376.9250530540799657,15060.628393578224,209.7604317650399815,40103.827327785077,406.799182726329944
2935.782982495495,138.8863059726999716,5862.780296055239,375.0337115565499727,6076.737308240268,298.2596717180299482,5847.876498885949,367.712595905539955,8097.727498447213,746.967592608349829,7998.565285273635,814.78790038818988,7893.815791883046,748.1930966524798765,8020.551080698932,670.161793218529963,15288.492915332047,205.7808996417899712,40419.823300741144,296.454671171979952
3134.801028692538,195.9017123131699797,6407.879953948792,532.8537102559498615,6627.972148145907,492.4567443491699785,6290.326054451845,429.6050311969900107,8970.472713339739,738.260203353259836,8636.358556223715,595.278733701079998,8418.204265737692,434.5882537415399142,8624.494077812223,562.2844728108998405,15633.540338167695,279.975985960689967,40673.980378286927,153.5894137788499727
3296.574603927379,159.0970633564199937,6924.940645188966,485.732815714599949,7225.344908282308,522.1319058158298945,6882.190825702258,473.8597433551499295,9412.319480633352,405.1364365886499837,9331.258498001724,611.4704920676999775,9097.560462177631,572.8973982736599725,9323.552622330443,670.575466936559903,16066.822540442923,333.029080611829953,41352.136890828702,564.036496202709939
3530.855883983363,194.3659147621800108,7508.000583173624,575.8598847851699225,7771.683307560784,541.1001378619498595,7267.664045165021,375.7664219312699727,10209.413829455509,736.92508145858005,10090.473215959127,702.845325722799996,9651.22240001222,493.315240926069917,10048.411445570438,664.5663495628200485,16539.321428594652,391.3782490007699827,41600.378334927966,189.3808985554999815
3657.695311528397,125.6097910573799931,8092.134159115325,571.9256504476099945,8328.646922437067,546.5093711257400145,7787.237982944504,432.6232300585700145,11093.958418967909,751.722302693699928,10837.120092029933,691.335104956649955,10369.446800051033,702.27366824988985,10707.550235558752,611.58378212272987,16877.295021142191,328.3067198986699387,42149.830597822235,511.291935564329945
3749.811792887823,71.3254953624679896,8806.32336157959,663.8157736507198455,9340.857933262021,920.747360243459976,8460.872265510137,556.3905010821499655,11730.895739201959,537.83152625826983,11721.058445864408,820.47622063406993,11126.802914072891,685.2485506180898905,11662.234005910874,838.3786482639700325,17267.886723110396,382.689601307019983,42558.13360519081,340.908903216169959
3895.314272311161,141.1222823909599805,9872.368718339504,1035.628368635999775,10072.414018174195,593.999509417599936,9500.062373488295,950.510966390629843,12559.176430587799,777.6376302567598455,12516.537933467289,756.715876783029895,11904.447583771511,711.2581073755000005,12482.143599266397,765.77153721675995,17715.272617530001,412.8887127846700177,43109.889861898202,465.795857625339975
4175.380789147901,257.5085734990599337,10448.512857519473,543.645140756599856,10686.941435074258,525.346309176060002,10213.836032830832,635.914531102879889,13284.546280460987,684.7811927554798765,13188.976420521264,618.373256073100035,12790.078931981731,812.9001858604999565,13218.423333090108,654.698876023019918,18058.83096071754,270.6502107308099305,43575.219890857339,401.1479566887400082
4308.238169879591,130.6364661891799977,11228.602333178683,657.33118949761001,11404.567525981791,540.9361638574998755,11031.676295527764,753.0880879276699005,14131.315378555306,671.832920957049961,13917.835715773336,698.9630967382199715,13628.670730465775,801.5133336628000485,13969.988019900111,661.6556928194499935,18565.755727635947,474.6927648848500195,44169.905965013916,523.4750941652098365
4533.982070203003,221.2749880364800097,11869.537815437891,481.449965459039957,11950.823655491079,465.7387043702499325,11674.600496159088,528.1769049285499005,14782.492175028474,603.6977957828498785,14605.924781356427,631.1352059530099705,14292.920733666119,582.292925633109914,14625.473582769937,582.5144485870298455,18818.636769304256,229.354527449099975,44652.835026542352,415.3812578348899925
4637.978261592734,99.6604505449519985,12574.216331308213,656.196818644569928,12568.665572159042,592.298583089309883,12268.995107108648,551.39292860252999,15545.757825363928,685.7839674677700235,15178.619741460779,496.0988223240699405,14929.558419999147,491.4701054649699455,15191.938255989786,491.6540349778499585,19197.105846664183,370.0934901631400162,45097.123694411609,423.7531724535499492
4931.460056275286,251.1062253588999612,13263.419533600734,565.4092990972899295,13165.648716543423,514.772382893889924,12948.749999556347,608.9133603533198285,16392.963740559953,774.7467841080999705,15934.653906283267,705.1620114114898555,15621.182785028925,593.426572355680035,15768.153177920928,529.681034528829967,19785.185224937034,517.5779479996799615,45454.024763485663,296.189419805819965
5209.200985926456,254.1372066885699597,13834.646294671542,444.5009566031599192,13736.130874904932,485.630330645650018,13630.715957212368,660.689159967359953,17136.065065971423,652.35599679203983,16790.401598740197,680.6180928443800415,16538.919314002534,828.077184017859961,16633.436413443423,707.38336059947005,20219.706324926024,408.3692440800499507,45684.200820332961,216.7166905453800032
5340.791400714064,129.881909052779974,14737.212816829248,836.587172356199969,14407.575759901621,613.466767346669938,14286.761438854909,582.0134183849499985,17866.852746512429,715.983770756949978,17355.432074990747,478.849823395519932,17203.114703343898,586.3156575525299535,17241.819445555928,557.3122619899199865,20645.317299174447,418.7810532653500087,45807.537003975319,82.35624095104199655
5490.536355566066,142.9826006478500056,15830.184837695903,1043.930869324299688,15308.010066267627,745.9834457118499785,15146.113507532903,829.8529885305099435,18656.780351437919,724.7175449719600215,18374.70713207298,788.3619812407398485,18131.551778063769,890.682459656399938,18040.83334821397,724.2804287071799065,20872.689384713045,225.4833822941000101,45973.215240753997,154.4492315277599907
5645.628480050626,143.4503251112399762,16700.25833912756,811.337513313879978,16457.655391593223,944.785489146889856,16142.904148623315,886.87294784303003,19515.304176262447,704.568890638579885,19231.622400350679,746.7504192618998755,18993.355856381007,752.6618940750099655,18918.639630235944,767.976729941939991,21161.311818681574,225.8750758853599893,46232.341176086099,237.0628759257299962
5710.175339720332,63.11035962600300285,17332.507133457218,538.0436444298700255,17333.847285762929,793.909006618489909,17024.87846798176,750.7109136768099215,20259.861025655634,605.0007112484099685,20005.693764462555,638.735281872819995,19723.220324525781,619.4961890039398875,19689.367969423317,723.5291089372499265,21519.99408967915,338.1383681081699695,46476.916599416095,209.9002906625599956
5825.6715329076,95.1574773351200062,17880.115459279891,397.8527843393,18023.245602614354,540.5870137439899265,17846.691333027439,642.1013721253000285,21084.619386803737,761.0026963431398565,20865.566595046153,694.1258690084498515,20451.129969681467,712.083695010770041,20455.400009568043,723.478174637019944,21807.703559293974,241.3110696575599822,46789.848599301762,280.5275609290599725
6141.992560429418,254.189942675160011,18604.484998307798,572.727330253419948,18735.194041419226,653.1340872504599685,18431.165746344472,560.776966742550028,21504.668510243772,378.4970383161199817,21414.051636991019,482.8493246160099925,21258.289400354385,673.454797280679939,21251.304876616029,661.8111027124998565,22231.616583651587,403.1073842542599532,47119.155827359034,319.530880365029928
6359.057170598906,207.0874554189599616,19320.216685503966,593.437926629689853,19388.606700952549,573.6648564575400525,19326.648162721968,710.398705851969904,22411.957993879949,805.4858536232800325,22185.728835551298,714.6340345958699315,22029.415720792268,724.217872267829986,22078.071138289728,816.5472456275499515,22735.644618339823,369.5491161454599462,47510.795571230036,235.9835848774299612
6531.786228404045,166.4511533996100065,20170.065663506968,801.9944399104599565,20334.061287589102,852.108961661579995,20189.887191209904,820.668315099319895,23447.869573070299,964.486462243090042,23071.840732819819,772.229576427469963,22584.633668072477,460.2245023122500225,22786.955715904757,632.407186744419958,23081.149795651346,309.324781382080004,47686.991498999552,162.1989962464500075
6706.278950518178,164.0827123421699976,20939.795403514481,683.2480579937098325,21112.382783322572,702.7966942728698965,21042.603285273218,751.697342504719925,24123.274782555507,649.966776743529861,23965.065569503375,745.79527443908,23643.613954795998,919.8703823204798455,23711.911953541336,674.009949722769986,23339.241591915821,211.5964534729899918,47974.309684626395,271.9485316589499452
6874.168428601954,165.5745924405599675,21605.335938089699,617.30076332868998,21982.697174478052,598.2093294946698715,21826.59425797838,745.2628663138400475,24909.02350599342,735.129340929059933,24718.946103692337,665.3885493968898555,24248.69489137294,567.535574584429922,24496.006338698305,667.736957855629951,23667.537051753739,256.4072056280799632,48375.652370689307,340.4080507138800145
7054.531393391089,151.642268447489982,22412.409843221382,747.6158875172900455,23018.912618026348,896.509334711339985,22722.321069597576,807.841893958399848,25997.275155251265,1008.715637357300008,25612.963655925708,813.30083387950003,25018.999876958113,629.5625640440698565,25424.648853487707,752.4516423070499485,23939.455929991384,250.9745403133599657,48539.007608363803,131.6420458846799868
7162.227108857932,101.7038312826699947,23263.351763677436,694.0566317082000275,23721.008039860442,647.5313191681600505,23566.423742465285,746.7028136862600125,26710.029469056836,638.211542576569853,26286.263717304962,472.8389601016299345,26134.333024519268,971.6307239980199,26216.400403113649,678.389949843119891,24372.289646481675,403.1292042072999475,48880.548405744179,291.6769984309599965
7363.714471556153,200.7540631120299956,23865.909032456276,557.8451331562298475,24463.043754769035,685.288459187119995,24308.869345218437,682.078031989489998,27543.650201318365,819.3027810849098355,27089.989247070059,769.9229083209399935,26929.459737093367,721.2353672074000285,26943.14306777441,628.2147599768200035,24785.934784031874,413.141043367609994,49116.116875496794,202.3951783325899775
7605.678599634572,205.8693474709500031,24537.975006092434,577.67704347250992,25230.614511001885,613.320681368389839,25023.321715202597,639.4647490257698315,28597.357709480332,1004.224839195399906,28130.43357597424,911.591605357969908,27705.877676083108,668.395227505499859,27819.910698205453,720.7355043204199735,25144.532206148685,280.3996812366599437,49444.550596825471,299.6891140527899315
7808.723505578457,163.2036449034000038,25505.195205329657,779.390424787129856,26475.109823944846,1181.112785911199803,25625.902955821642,520.484929875109854,29700.824608728928,1017.783599025099872,29092.536599616981,861.245732175229929,28780.32307313547,1013.75568521779996,28939.779539341891,1003.065996745800017,25367.812928032745,199.5851282968699812,49800.108284390499,309.8346984044400175
8040.11522913717,155.575560483260005,26917.892918169816,1278.144238264700102,27568.756307321673,1007.458498506900012,26917.825718086762,1171.196230203299816,30806.498808502929,949.105635116729896,30371.80144611262,1020.566932100799929,29959.163188499009,1021.107970029799841,30054.372173942398,1003.461412731999867,25732.305929734688,349.2856104990499925,50033.190260209147,223.8531914039600102
8232.3559312258,169.529256120569982,27605.137376980911,652.323157428299963,28412.31270623937,815.2920054767298515,27596.865658932727,645.2608108171400525,31760.956336117226,819.6807890273398675,31451.492042878276,1006.6067525766,30856.424691941965,796.110003125079854,31124.729428241539,875.2736497461098635,26000.583577693983,243.9400096489699752,50264.375323566664,201.2960657701800066
8424.208032231985,186.3252787210399781,28608.568654366132,882.67619894217,29209.140846247074,706.3014406561399,28480.15545498054,852.916837065060004,32720.783834450288,817.938218433439941,32558.161455718342,1060.553368992500051,31999.119420742198,1039.178148813999993,32207.218775088196,889.3196483285098515,26327.525947048442,299.4601496622799452,50420.601736039405,138.1866931278299825
8536.867341688943,108.1447423859999896,29520.203083605004,752.50459460247998,30129.251440848532,840.9375036460198735,29432.855134637778,871.3467820565799655,33712.230334753269,929.168078788530007,33410.899480150758,724.3124331245599,32926.010893920805,774.966334830039838,32934.924999349491,587.2816962206099985,26873.534958068112,542.7755803509298835,50631.906082500442,208.5613053461099746
8775.955649032083,235.5728649742000007,30396.153030804096,764.954163122789848,31453.031838744993,1254.961575003799675,30345.282672668093,880.838985558679948,34747.565873999802,880.6059295062100285,34417.829893386284,789.756735068519898,33867.399098457163,928.201810773040048,34216.157739933761,1252.106018702299928,27453.645096578638,556.3840152872198795,50846.78774397732,214.3242381828699757
8947.800971041282,164.057545763069981,31842.96772735968,1301.178278891299663,33069.151425183277,1474.449914304199858,31926.75859596503,1424.264066558399913,36050.00601173941,1242.123050996499837,35419.065842516058,828.1894540738899165,34830.985017308048,826.589563440699973,35261.554986410701,891.7364415740698825,28006.130996057023,510.5175023184299315,50976.001780264867,113.9690893029799947
9070.079787509432,115.4816222742399813,33198.069429900867,1077.637722809100066,34244.411779319999,1018.40459762670002,33374.217872941027,1188.363133036300036,37418.908465469165,1256.94365593799966,36804.304477305176,1275.232630463900018,36326.339398389135,1289.73479843379982,36452.206170981353,943.977780859640003,28530.418709338531,491.474169478079942,51084.231299865074,97.8356994732569941
9198.743936485383,127.5704760053199887,34458.266126212616,1203.918649195300073,35775.679039110694,1379.70174512109997,34712.172404189679,1060.98177831019984,38204.16272376735,619.8486885782699555,37922.178261833173,832.6782888332299965,37453.751726014458,986.716744888229864,37770.865287177044,1257.931210295299928,28952.18250145582,363.3540226112800142,51403.62510851614,254.952403832679976
9400.517315181902,184.3008493820499885,35869.976268858634,1322.067761913499903,36584.161957284153,626.450228303619949,36139.922849180111,1259.742978093999677,39656.6949787619,1375.402048276999716,38989.201939866127,966.24169055277002,38207.83640253654,624.4898524382599565,38351.543200282639,449.654292387889994,29591.703979431134,565.4660703909698865,51679.099721040302,255.0514185469500027
9468.81496679261,65.2474770641289863,36803.802523694978,777.2214155963499675,37438.905567038562,760.9118985938498535,36968.242855897114,799.754589581830029,40694.93393797804,995.6002703286299,40397.386668345218,1260.753200518699937,39668.39907504528,1333.928944336999843,39656.984341765641,1165.641601219700073,30137.706901079244,511.4551305299099775,51777.409134357892,72.17533227321399605
9660.340154236023,99.8129100510350039,37849.055095048213,908.9317800125099855,38273.817174586752,727.280415835560004,37796.226549229577,629.2188820415099125,41540.234047561563,734.4354049518899475,41312.151149163591,778.6163609168199825,40715.32499857942,1002.695383407600044,40708.085533298818,1006.071775292899926,30520.734568708041,354.2961734651900077,51938.29974849386,159.6475220705099782
9782.6314552732,109.0992789627499913,38671.847728033102,783.112394597420004,39059.749733059622,625.3298083158499565,38545.053352236014,661.8514659123200075,42802.194312724686,1147.28141417259985,42350.011450519428,1021.69640540749992,41583.207853857778,735.65004744026987,41496.18730494325,674.827742511339918,31217.594216978121,674.049288027759983,52222.834919793679,252.1031424506899712
9896.261571113669,111.8418366940299786,39585.263222543739,825.594422826729894,39673.174880666275,591.803467779999889,39449.313605729711,793.990589603739861,43542.675676148548,623.160274855479881,43302.429746494644,758.054938889780029,42830.871325246938,1144.503577875399966,42695.576449046873,1058.862438533099972,32070.34014975006,809.3469201317998315,52300.019293978236,75.19016119348600535
10084.438410807251,167.8915252727300065,40238.669994518396,560.960253988070006,40443.564223675038,729.3161554682699225,40201.695489470124,672.5904877644099975,44170.074608207338,484.064541723950013,43861.108522794265,520.744569053179928,43423.254856704055,498.082248060340019,43442.533326543525,658.4421119520100075,32719.355835550485,569.1390573140099585,52432.195001250348,122.1693779466799862
10294.46007153409,208.1383311844699613,40909.481438790624,620.240736919799926,41439.225205003989,908.397817924000033,40841.057661315974,569.100039513229829,44866.682824172117,632.0274637052598315,44758.34004598748,827.4882333949499265,44023.113932607165,477.3781696487300205,44055.36652312693,442.50088125530999,33328.205366198811,569.499288084659836,52630.802860059611,192.8345584952500066
10463.334570491396,141.6836521843000011,41951.688362704533,838.6745750476200075,42096.963090792011,644.6563920382100125,41762.040298611775,813.0920266468399375,45789.502824167462,855.064008687349994,45517.071974669195,705.69125273218992,44941.645023696769,771.158006124649998,45056.750352051304,849.983085918059939,33837.234912458045,488.2842010635699785,52740.175486064478,79.3088563716629833
10587.474661320785,118.9863912943899887,42666.059812453383,621.498877315539856,42840.572318005465,614.9934256051999435,42576.592118466387,663.6742805632300105,46889.89949460317,900.9654153903099965,46536.066453008052,907.7203327161298575,45833.878753225369,757.633895005919836,45885.732084818328,772.5058573781998325,34575.644764805836,678.7805782187699585,52827.985639061834,79.1740031622719866
10705.767812451209,108.9564266688300048,43609.493183327947,898.215889443419879,43812.26108785727,845.0473964768200375,43436.369812514761,779.5121211328598725,47914.358100509169,879.1083547136599885,47794.90724130003,917.172614316810036,47037.637379086892,1040.281543303899976,47006.10027577815,947.008119677969941,35401.138112675545,722.6304855851099065,52977.857403489376,139.1739352698299962
11030.561798494351,270.2134804768700167,44512.402534236004,813.0583257242699315,44639.224738517523,744.172511492669853,44196.528848833684,673.9364416866799255,48792.95175457866,772.0003304185499905,48765.303734412583,881.5055713092299315,47943.234330546161,776.167831175809848,48019.922784364333,896.979565718869933,36051.141657496817,554.356068985209956,53203.188716644242,216.0042404604999995
11216.381536232548,140.2122561671599776,45164.995418784472,631.703368273959993,45354.481190343534,632.6545560007398285,44842.975134858367,483.201470263039935,49400.9166171518,549.046248661359867,49486.154073149364,677.5013076413699735,48906.145167096056,819.7679635704698705,48861.319616377412,697.3608531400800505,36812.182471382352,611.440684182419998,53326.86607333799,116.548489450729988
11294.096988095792,75.65780142616799225,46115.722394618384,846.814566597629889,46300.011076547875,756.4496179448299215,45727.842443554264,793.1723394891998825,50327.324581064593,889.4734260425600465,50493.85277673632,927.712149911509865,49585.470871652188,541.5133921801000255,49566.686466284295,616.1686440912199015,37373.867327349529,510.5023808029799265,53441.725534841918,112.7025888825899921
11535.387508507936,196.7573848490200127,46628.297699254835,455.4128649590700192,46942.933968232288,550.970687638829985,46412.156855663156,547.185845359819948,51642.864020978953,1152.178179495799664,51691.262998602395,1143.599366762799941,50442.037360871678,775.6437524611599175,50599.841271346563,963.96126310825002,38165.024873197751,750.0304301867199655,53533.321565602534,89.7910851861669808
11675.89395736844,112.0089710778800048,47190.614121070542,517.4380332270200125,47776.901229595494,760.227827973439841,47030.230391361761,567.9671073278400375,52328.792359080134,606.089908742409986,52430.795014661145,684.7620872526299515,51786.046162860772,1242.74714183859987,51728.118193087622,762.872453308850025,39052.18630137889,768.6911178407499375,53884.00172373382,269.7841074935899987
11842.811987543684,158.6848454383899702,47913.503048144674,577.897327396849958,48311.729330546774,493.05935306686001,47655.603170361488,569.3382892149700155,53407.4744312461,903.5184790442199265,53540.835020873067,1010.138612352699961,52436.468850495544,588.889229398110044,52597.676572198183,770.2681607524498265,39619.054108484236,386.626874494229922,54109.979338431183,206.2431071603299976
11890.5863851432,46.71891791975500025,48450.309821561618,473.15246225834994,48951.558763156011,626.5704535011600435,48266.387773940386,580.4563088280199255,54319.08932414641,837.873128140189916,54489.970468410869,813.9507959171398825,53572.681780525902,1023.300283231999853,53754.57712421203,1024.239993186999978,,,54345.085893755169,230.8420334283599677
12061.320565839241,149.0246073216200096,49149.478551287147,492.513308570339971,49573.198663002979,580.115259978769925,48924.423852194409,611.154681061040035,55157.192416090271,715.975700763910024,55271.594446292508,697.986975027449941,54495.416233673789,802.919582942719895,54718.689713761101,830.994000484990008,,,54482.400889202788,131.8750601195399663
12369.430767537542,283.6250560357899522,49646.507655058077,386.0783254311299957,50366.587245304656,741.316587488759976,49548.762737178772,590.1781262595000025,56094.52507832231,779.405429312699878,56085.134850957845,624.714517860370049,55514.791342522466,904.211402453989873,55737.855005924619,922.686805771329997,,,54639.421692941064,143.5729858192299841
12525.362211744953,112.1745928258399938,50549.664176825278,828.639531070489963,51009.060796347182,553.32362674852993,50296.525009141536,722.5341088167399415,57045.607258826081,815.423289149350009,56899.839272876757,794.8529633356999935,56394.317292947584,707.0232733624200105,56633.281624522034,808.2814360123400065,,,54944.337303980729,304.5462211900800175
12769.253122032514,228.2129626738599758,51062.068172818797,484.5244982587900025,51372.39140024858,347.349942102199974,51008.167046223375,641.268967375689951,57870.689856704895,807.3525081586799375,57788.809730616158,786.5319383158298455,57176.230125883142,636.273988327189953,57475.420273727198,760.022830781759919,,,55100.720558407478,148.7260582327299965
13044.862091740713,267.5669722470900062,51503.592132405114,403.2630295724799207,51836.596333178496,431.2772379440499415,51366.301143426423,351.0553435982200182,58502.431788669473,571.9585384759998285,58477.925328396155,623.957828376909899,58005.2656040313,656.2281346920899505,58146.381912938141,488.7974247992599415,,,55302.165764246439,200.789582914849972
13248.542158336992,182.21558938472998,51876.373638137793,322.8401358413199192,52311.583309143446,427.652213358599964,51758.978112686427,381.4066670065299132,59433.80879913036,790.863762747369944,59337.646166339756,809.576611831199895,58887.555146043857,742.7681924328799125,58918.70555042676,685.6683294703998375,,,55566.673964810916,161.4026108506599821
13323.742098415039,73.85218332652098605,52374.945001112187,478.079548516659996,52615.177214423744,251.2944461898399587,52175.26132024927,396.0106719850599562,60269.883152058133,771.1114822032300225,59991.811177035796,553.018444882099855,59536.349779861297,629.3225551696998515,59696.884546224638,681.703546030789991,,,55652.944003339675,74.71724017004498785
13561.250740567472,213.8832368961099625,52853.510034170632,468.2203705443499735,53296.71174885854,644.5517278593099475,52529.511682812594,333.6273037372200165,60891.741812742098,505.312359079539985,60688.858073652567,636.1004008753900485,60308.649068746383,673.0860975794998905,60531.642370654905,754.774821295859963,,,55927.51846378607,269.9673482167600007
13729.328222742802,167.2797597600899731,53484.842217834507,577.1146381364098925,54040.142881041576,731.665615214129955,52978.933638631164,428.2146078692600195,61621.463358152656,631.8929337194999765,61278.97002675031,512.3548247021399205,60805.928079829717,410.0541372474199295,61172.11666747729,599.2630943873798485,,,56078.672741349515,147.4441582597999621
13852.358871905129,119.6477161906800001,54241.511433624188,624.16925743641991,54576.161371224481,475.4554550722999675,53633.716922743379,574.7178624413400005,62282.634639405702,529.5345828883198445,62067.17126986636,733.80599896638,61477.964856152306,590.6257069543698875,61783.141907100105,586.663656974300008,,,56192.600701982488,112.7451307419100028
14087.828250549219,234.1872233358499775,54812.368792742337,525.2963171093699645,55146.819516054657,533.0168750071100005,54241.48885134908,380.2676517664799562,62637.371646994577,348.2068327444699192,62466.915259593363,380.3611350114299502,62263.544058427561,753.531974367869904,62412.66149355523,493.0890907108199585,,,56363.41234392155,158.2533998400999731
14307.397175728801,218.8595421989099913,55402.377725925945,501.3433845642999795,55688.683147129547,528.2933146601799295,54764.015326515113,487.6998636905199175,63135.521987140401,416.2913963401099392,62916.281303439275,353.8651426050099627,62596.047356882715,307.234997068389929,62775.545595166968,317.519461400709928,,,56657.402341194446,234.5836133294199602
14867.656766796094,522.4479055353299355,55955.683162636988,496.39907323319994,56249.484573010916,507.9682514936599755,55226.849990248592,399.7322785778400192,63496.355160646669,306.0671981336399755,63270.60668371871,289.3867644140299255,63127.888729129582,495.0682961151899225,63239.523943631508,395.373980849360008,,,56775.282826425581,108.8947185917899953
15255.249675683382,357.252932412819972,56443.078767681531,427.3718104516399295,56665.383248398837,320.8131528442499977,55745.463785758873,421.5386468339900132,63929.635134670627,393.5347299025900142,63637.62056800599,360.1967014089199192,63423.366052286426,235.0457881584200087,63599.0948118896,337.4021005322499592,,,56991.233821419518,212.7618691257499671
15530.041493803745,236.8804721309799667,57061.06412347597,610.713882403450041,57267.514202358193,500.1319416531999865,56346.639828269407,554.2234355842899705,64427.450623195961,436.7050394588899267,64194.864602076212,516.7976253579299725,63927.227113214561,433.892369562979978,63993.036931881415,368.8268678624099255,,,57235.605107551785,194.8432860527299788
15901.269071154308,364.0951397514600095,57407.596428059393,309.1254106525399255,57719.149841839892,428.9026894211699515,56918.305756277034,495.0812921212299195,65052.845765191065,499.350889316819915,64787.952154615303,568.223711239329985,64429.874120338673,492.317295506889989,64665.568272512072,550.0195685566500265,,,57378.914626496907,111.2365944890800046
16265.469754917732,331.6562158487199657,57783.22353439512,359.254975970460008,58037.416743885079,315.0521563992099332,57307.713128484015,269.4970850717800197,65628.849067691451,555.4539372749300115,65206.478691174856,370.0089949742799695,64987.70606360579,433.5140337922699687,65113.91693395998,386.8299457777999337,,,57505.249479880224,105.5128762636499853
16636.982056519952,354.7881344580099482,58147.820456699816,302.3435867687200007,58373.146065044189,326.8050707791600175,57767.847029644988,390.1800877864400252,66324.281657602591,612.163746475389869,65851.760768284734,602.765173125679891,65588.968757251637,519.3072564638598555,65698.952953342657,503.1190851593900085,,,57586.118899768907,77.6903058774819894
16914.716347508839,260.7095513381099175,58559.670915523029,387.3093347416199767,58692.333365077286,294.303080067079917,58062.038713647884,280.0474164773900147,66895.749762198178,536.7731023950200315,66454.17122515856,546.730061061879949,66314.097792852584,672.881101796439905,66357.260949900877,569.3980916042498825,,,57736.874453166786,141.1112780650399821
17427.103283409103,469.5882852692599255,58840.004286619258,225.8321699942200088,59015.20944050483,314.3013884944899687,58412.087348031296,298.7217241850499925,67257.160056907073,326.5698420637900192,67099.919856882404,573.2599927548399115,66847.130826698614,491.0374409358499845,66933.123205322654,511.624578483569961,,,57922.562605462722,167.775454990529965
17843.592425527059,319.1917291499299827,59410.716142976528,508.0764808505499535,59536.448628866887,465.4980022329399375,58740.031349548387,269.7482430382799512,67830.628740194777,534.1250415632298415,67477.904247201416,338.8502498089200102,67295.17243408798,381.7176827385500232,67388.517828417614,370.0921815920399905,,,58060.317359129966,135.8147494931299657
18314.42733939876,416.4381214860600255,59665.240455150431,242.5778527645300062,59869.804092398365,307.3038263880499687,59212.614786070323,469.7925452127499265,68330.36537611816,435.4744613261000255,68181.838069835992,649.9705500905899925,67895.7351578476,592.0139408675599925,67904.386427582454,476.7740483050599765,,,58225.450633887253,159.6534986256700102
18882.02733188318,532.417212203289863,60114.218476694828,391.1147884363399487,60213.511571381943,279.08957900556993,59570.610205110362,333.8403042551399257,68831.331690400905,422.5028448211600095,68721.304964561495,511.820342232819938,68458.547532889521,478.8089238509400025,68416.244332394387,409.1072415857900052,,,58328.420342397934,95.2104241462230046
19363.03767461687,361.4261133880099795,60565.023573402982,433.9719253798099302,60536.9178870949,298.2219614114200102,59949.440386626186,369.6601158899400145,69291.99176159474,458.0126693860399862,69153.30103458472,397.2266532928899765,68833.786237226705,231.569896502549965,68832.352949377398,310.6853134276199157,,,58530.459189613217,159.1417351451299843
19612.368674872202,241.0138214406899797,60958.476578568062,368.3213778508700195,60949.509957077661,383.8496525297799717,60222.892307458201,242.732497840000007,69771.288964185379,439.146932507880022,69745.143777663889,557.286339464179944,69311.99003291971,418.3864408885599442,69349.743940373305,508.3138934039200175,,,58614.795958022669,52.03744648413500315
20082.227717814743,408.6152047709699657,61307.501251774026,327.2687112946499595,61305.48869598079,327.0384129306199827,60781.779349325734,541.964827772129864,70466.141392670447,657.761609606439831,70426.968739781166,658.3261259883900015,70050.053940009583,691.013856982969853,70105.227103914817,680.0160703920698755,,,58693.956985026957,77.44718534682198165
20490.327875887354,402.4110353244699342,61639.434498117491,289.2227879440799815,61629.333909858621,319.4936949542699255,61101.567761152709,313.4379579978899515,71077.932176944056,548.619781575139994,71076.25575376639,606.7089877374598905,70631.902830269711,523.4575417870998975,70737.417064034639,619.4863287676798775,,,58890.416720905963,193.7317787583399985
20924.72746594702,386.3248201062999657,62150.919291869735,471.623762016399949,62149.909125116455,507.6483925186099645,61485.44875759688,345.9433922514399445,71757.358806487794,629.5376259597999225,71757.168395299998,629.8990136067900465,71210.078646012748,550.9179883562298965,71491.345747649495,633.276084528369891,,,59051.335873771038,153.9447806233399657
21358.682464349,382.2840047520199945,62871.732144090714,653.0808986754200285,62807.240251053544,592.361850913589931,61783.017130373681,269.060629243679954,72466.433784020009,633.4104152387499175,72379.020426156466,547.9384669571400065,72083.29552348615,756.3895275068000465,72181.135946069615,577.0179883363000485,,,59240.933981758656,177.3767170944099683
21814.98273982526,353.7662619479999637,63178.99585108383,289.6596809255499912,63133.347302019744,266.2153837902499152,62328.820928493475,499.7490532301799235,72927.19881493697,381.1124894637099475,72829.935001461872,383.9101830418899217,72674.46381375585,496.079617482000002,72713.951792425397,493.2377779968500115,,,59362.126512919584,106.4645494908399994
22090.787988830976,265.3563936508900257,63585.277850280853,382.1873681688899737,63453.218178793648,282.9100085501199815,62929.011022207788,394.300916675759935,73422.768815067085,442.8958990828299405,73424.726842865612,445.404490586120003,73278.745116251268,561.131290918219973,73187.541368869579,424.12749628205995,,,59438.22896014308,69.3719096975819978
22488.747528250201,275.308856458289937,63937.939806960055,312.0198195119199892,63851.803517964057,298.9301178142899277,63213.225534195682,256.8011581384999992,73900.779726831895,472.1023662875400065,74058.957004988224,598.610106856419859,73833.67804278896,506.1701639155099865,73730.527624990711,456.734135358689967,,,59578.229542693671,109.1396601692299835
23050.008887508299,513.6225488722200205,64382.542186053658,364.3213620433899662,64330.852563512869,417.0173659879499142,63689.556855588831,421.161592159680025,74418.540508264702,426.5860896053500242,74565.987360131074,465.6016469753499205,74370.986386793892,495.475331458720005,74194.80688183794,396.0399441441700205,,,59789.426189909871,164.1903462258699727
23647.845490778548,505.1547627703499735,64892.520022752671,408.656863781019977,64691.051283469499,317.438274910959989,64042.187732235977,327.5622208829499857,74978.988027792128,513.77552627212003,75008.275867217188,372.6810995518000015,74858.391057868649,442.487080694470022,74764.183036670805,494.1826110221700205,,,60006.806361576143,214.2133847617499775
23939.979635938343,216.7370482985500066,65327.190362705397,373.231929394059988,65260.758373367877,410.4301568737199645,64504.723895951256,322.9885513028899582,75421.977182772309,413.0582507457299912,75460.870332878049,425.2877814403299207,75416.800316310147,520.893834990029971,75271.830935925577,488.5183457795100115,,,60165.365103092871,146.1992249658100031
24399.597477526783,453.7331210755099827,65744.411637660247,408.5968500445999315,65654.749317061412,374.7591380498399742,64963.364131618782,371.3569345637599767,75825.250544924427,376.1151720500299677,75946.374837504386,379.8380406439399607,75822.311491512865,373.5866304076099582,75613.843482741105,283.044656634319948,,,60347.643033757354,169.7807763330199571
24724.826095373999,285.1550490952299687,66043.971339584719,275.4852453229799482,65982.09813467051,304.174079387219989,65508.792311985172,465.42980098946998,76260.379776622666,371.3497561026099437,76601.151695520433,533.321991765290021,76257.924360076816,379.5873111288399275,76122.843473257307,421.4259206786099392,,,60523.963919301909,173.6899657936799591
25208.288088418722,450.0836600906400225,66590.895491011028,471.565807074309985,66587.246289080251,546.6552549773798525,65878.496989071664,338.4493909683699245,77025.715000192091,692.894475710209915,77143.756686478431,513.399052638450029,77018.969599953255,708.2098334952199785,76674.707578485931,511.9974414226500105,,,60619.740742464761,94.55388828889599
25384.726177687874,137.4407609220399985,66872.060231368918,267.5187752154899945,66848.337675146894,245.2348529461700072,66302.834970180664,385.3465542684499482,77736.1509080695,627.8779002927199125,77973.649801303238,686.835459966699998,77729.206200824908,621.294464803919934,77405.862309791188,585.816060777609889,,,60729.083441085207,95.1949249566589795
25747.68703221818,351.6349216914799162,67276.625758687571,363.112755851689938,67185.882621676602,319.7659308421499405,66713.364712167166,329.872676108689915,78379.116920171233,526.059913860589857,78472.883399375389,411.229134869289964,78299.917132397975,537.0118936659698625,78063.954626823959,531.147953372619893,,,60955.566565692059,216.1212081046799645
26176.728082435745,416.1397430051099475,67556.003254932724,232.4690290109500087,67488.560650954355,277.0266900967400252,67159.844456255443,414.2865459636499267,78881.025275852488,436.9270124848200095,79005.083560263438,525.3398581230399005,78864.6140884418,480.8352473671699255,78532.751093526038,432.4358683670300242,,,61121.722942386941,165.6055749732599902
26449.46848137713,243.7153283592799642,68137.584921142589,518.8128727166599655,67784.392420187832,258.9572062653600132,67453.457349119151,288.3676257215599877,79371.226903738565,430.8120781007900157,79690.486632276661,593.060474914090034,79353.576672780534,485.445341692339978,79097.474108935252,516.397860165169958,,,61227.455266315175,98.9242324381019951
26705.324725851285,242.0113156756900127,68518.477240092215,352.582690423119969,68415.864248389588,607.6790835244999,67729.13747151146,244.4486703577400127,79908.243061584353,510.146210155459924,,,79911.790868658656,520.806662285089941,79697.72820354435,476.231204197969985,,,61540.325179922471,285.633458353799937
26933.313114689719,224.7182282456599853,69033.731998603791,500.6691658772099325,68756.677869786587,335.232601494509935,68166.823490028015,423.184767051499988,,,,,,,,,,,61629.571105373369,45.48190734086999477
27090.590598783565,137.2733640951199726,69534.449734028641,460.2302025010200145,69272.961924923405,437.2068144888099805,68492.615283373168,268.537334292489958,,,,,,,,,,,61895.660019178154,243.629348260970004
27372.127324768913,196.0682197068300065,69946.801422334173,355.6485959454099642,69813.825996299308,498.6535386021799905,69049.863932445658,529.256053954319894,,,,,,,,,,,,
27636.623532763965,230.6522132668299597,70333.524062825573,334.6717587742299415,70261.68232561077,417.9158967933799425,69537.267536182574,462.99129459870994,,,,,,,,,,,,
27888.804278720249,239.9585411179699565,70697.062146644582,293.3105663699100195,70648.678347665466,347.1038355823699232,69895.899904835344,287.0779087132699477,,,,,,,,,,,,
28158.522920345957,267.2521961996300197,71056.094634865497,326.5703130301899355,71001.179885302866,331.5684360749600037,70306.194866999377,333.6844113588399512,,,,,,,,,,,,
28607.487102340891,441.4470090465299545,71532.388906709034,453.431784397729983,71349.40234063775,313.0816157126699852,70709.063723936059,399.14926023602993,,,,,,,,,,,,
28891.524596885718,254.401393820309976,71965.468942402035,390.3109070274599607,71824.452729365225,401.4634396666499455,71146.862564183567,405.5122675015899157,,,,,,,,,,,,
29224.542968943716,309.8839115195499962,72309.949030760252,313.4880671310500007,72330.32709592566,418.8811970487699892,71603.057673610188,399.6748334129399595,,,,,,,,,,,,
29658.507479335108,402.1832000784099802,72865.079746626657,534.0795222286299105,72836.629728177278,504.451620789979982,72117.845114349994,405.2285125296599502,,,,,,,,,,,,
29928.005317576134,260.9890287646999237,73252.704636976593,268.886545145869944,73220.99392674347,273.7837301565199357,72629.779982340591,492.963883811779963,,,,,,,,,,,,
30229.737925548377,298.2835916339099632,73781.861260873717,446.539599349490003,73781.288443529062,530.5458066914000015,73120.087313198653,477.256892560269988,,,,,,,,,,,,
30403.987208621547,169.8670762825499872,74270.625783676226,426.9980220726699815,74156.680183984728,369.9164902185799502,73499.797927759615,343.3769644184300192,,,,,,,,,,,,
30596.9906399994,174.5480519112199991,74616.82160596502,305.9802791186899627,74427.018194728745,213.6931428356299981,74048.150476502249,446.770646333099988,,,,,,,,,,,,
30713.840222776859,116.1843541686799876,74985.308464086384,301.6538800424299315,74968.047847532002,445.276861348559917,74416.403338966446,333.5520085338199565,,,,,,,,,,,,
30932.428538513902,211.7342256696899762,75416.428139001073,336.2366649275800217,75395.069788280114,413.4463627684099255,74914.630505971292,474.7944216570699595,,,,,,,,,,,,
31278.233540301668,341.3684931823700017,75856.232208788607,408.798341623140003,75770.50038592788,353.8877336298500027,75380.874818025401,401.6154605885799345,,,,,,,,,,,,
31483.629843580781,177.3490488754599702,76164.165960166573,280.8059264820100212,76033.089664412148,254.8114234058199932,75772.897943836053,357.0328907334799155,,,,,,,,,,,,
31774.348316043237,274.4169356410200167,76540.601862350078,301.9189034202199752,76379.987594555622,307.9247167929399882,76041.749028512797,256.6461405132899915,,,,,,,,,,,,
32098.283547659969,307.231404398800008,77051.886008702904,455.081619858699922,76875.218280347982,446.6878582479999957,76341.806102261875,267.8487942886299597,,,,,,,,,,,,
32330.203941322169,193.851447914589982,77452.351349430734,395.3183415845400065,77089.417322384916,185.8247572516999633,76882.306574020585,499.31365162080999,,,,,,,,,,,,
32760.202154822355,423.0562327285999787,77668.200853639012,193.346860309289979,77553.423120529877,380.8434766313999937,77242.952461587839,296.5139625143199267,,,,,,,,,,,,
33024.463315491172,236.5425337910600087,78128.606839839802,415.5487238254399915,77775.346179605334,219.6387775652800078,77630.802135190238,242.3003504132900037,,,,,,,,,,,,
33530.797168160698,426.7668938910799155,78435.823564306694,262.957168685629994,78225.019607482045,400.3654723191799562,77877.784119195222,214.4546454015599571,,,,,,,,,,,,
33752.873655502396,190.8101141225799885,78684.674029151837,233.5618800778199775,78518.913870243649,253.812931831890011,78262.470973069588,272.2537918667999282,,,,,,,,,,,,
34065.157224315139,253.7464796748599827,78973.814370311822,253.1680078527400032,78894.201069809322,296.1055353064199367,78555.594339688508,277.0536572403999562,,,,,,,,,,,,
34484.315839992957,314.9282538035799905,79384.165250659419,341.4602307811600195,79209.639707130502,298.8995521020599415,78895.032210919863,268.4826266955999465,,,,,,,,,,,,
34664.774517508227,174.8071406118799578,79917.382800067864,500.105457208309984,79537.743001734605,295.058711189900008,79221.867662511452,309.7994597741999305,,,,,,,,,,,,
35024.576115125273,356.9256229383800002,,,79991.015578687695,412.03811203872999,79647.940634902761,382.196464966020015,,,,,,,,,,,,
35246.183046011689,209.7233516386099831,,,,,,,,,,,,,,,,,,
35616.574847494525,368.9410532873399675,,,,,,,,,,,,,,,,,,
35889.462379527514,269.06568328886999,,,,,,,,,,,,,,,,,,
36135.593227496279,218.6198694950599581,,,,,,,,,,,,,,,,,,
36356.868250660043,217.9331446618299981,,,,,,,,,,,,,,,,,,
36615.648994418966,237.1888559346500065,,,,,,,,,,,,,,,,,,
36851.69680295559,208.5490928368599831,,,,,,,,,,,,,,,,,,
37166.53854834384,244.5823983509100105,,,,,,,,,,,,,,,,,,
37557.303446072243,375.4219400437999625,,,,,,,,,,,,,,,,,,
37975.198230953877,342.4138811805800045,,,,,,,,,,,,,,,,,,
38235.196089568607,254.2936130592599955,,,,,,,,,,,,,,,,,,
38485.40483644113,245.272284136179962,,,,,,,,,,,,,,,,,,
38637.910150252053,145.5104822924399737,,,,,,,,,,,,,,,,,,
38891.763382045588,186.3712329621699831,,,,,,,,,,,,,,,,,,
39158.416593496407,199.115354090729965,,,,,,,,,,,,,,,,,,
39322.819330496343,160.3630476745800018,,,,,,,,,,,,,,,,,,
39746.110149853378,410.8686015172600025,,,,,,,,,,,,,,,,,,
39917.67493927524,135.6999617784499601,,,,,,,,,,,,,,,,,,
40135.739990745843,214.9194151265600106,,,,,,,,,,,,,,,,,,
40446.442649662109,193.0897574567300118,,,,,,,,,,,,,,,,,,
40750.374470458379,279.4901896293999912,,,,,,,,,,,,,,,,,,
41213.653600495123,450.1275105127399442,,,,,,,,,,,,,,,,,,
41511.112368732765,294.0380387053500032,,,,,,,,,,,,,,,,,,
41799.376149663611,261.0850358343899405,,,,,,,,,,,,,,,,,,
42015.123459015767,167.103420715249967,,,,,,,,,,,,,,,,,,
42356.529500883086,332.783453959489974,,,,,,,,,,,,,,,,,,
42761.032867625731,354.784436968289923,,,,,,,,,,,,,,,,,,
42930.606816900449,135.4905934692799857,,,,,,,,,,,,,,,,,,
43141.510827006283,209.6159960690100085,,,,,,,,,,,,,,,,,,
43570.743394187343,404.5511323409299377,,,,,,,,,,,,,,,,,,
44064.951683937818,433.7036079741000077,,,,,,,,,,,,,,,,,,
44303.892584693302,235.8833109174599932,,,,,,,,,,,,,,,,,,
44588.711629957789,283.1833170612100037,,,,,,,,,,,,,,,,,,
44830.21801314748,216.3624438850699781,,,,,,,,,,,,,,,,,,
45012.751927052763,164.8736608652599778,,,,,,,,,,,,,,,,,,
45260.596061377871,194.4102066863200087,,,,,,,,,,,,,,,,,,
45426.240636024399,161.861723602589961,,,,,,,,,,,,,,,,,,
45550.08328750478,99.855309125133004,,,,,,,,,,,,,,,,,,
45956.429129847954,371.5530114670299315,,,,,,,,,,,,,,,,,,
46111.06724211023,144.9778561425200102,,,,,,,,,,,,,,,,,,
46283.917164672876,163.7615090245699882,,,,,,,,,,,,,,,,,,
46675.702775767852,354.2897216450900242,,,,,,,,,,,,,,,,,,
46923.422035036895,246.5084753653300132,,,,,,,,,,,,,,,,,,
47113.664199381314,187.8474935035299597,,,,,,,,,,,,,,,,,,
47290.638858589119,154.2039424096399781,,,,,,,,,,,,,,,,,,
47419.710881453649,106.4516360000299921,,,,,,,,,,,,,,,,,,
47583.016976712659,161.8900309488900001,,,,,,,,,,,,,,,,,,
47677.033548348666,93.1232578850049887,,,,,,,,,,,,,,,,,,
47838.227111449049,145.6212166318400131,,,,,,,,,,,,,,,,,,
48065.872451046184,222.4523251577999751,,,,,,,,,,,,,,,,,,
48258.054472960415,90.2240448509460005,,,,,,,,,,,,,,,,,,
48449.342771008585,188.5806502348999625,,,,,,,,,,,,,,,,,,
48667.666630717365,209.2878598121000087,,,,,,,,,,,,,,,,,,
48839.161215280321,155.6628397814699833,,,,,,,,,,,,,,,,,,
48920.443252054154,72.36288197634800635,,,,,,,,,,,,,,,,,,
49229.923354274723,219.4689327647799921,,,,,,,,,,,,,,,,,,
49373.112794894383,124.722750852889987,,,,,,,,,,,,,,,,,,
49460.605643270185,83.84637541324400415,,,,,,,,,,,,,,,,,,
49632.653484441365,164.1333730899399933,,,,,,,,,,,,,,,,,,
50049.99989894675,413.8362445740099232,,,,,,,,,,,,,,,,,,
50139.713315821672,87.96545664200598905,,,,,,,,,,,,,,,,,,
50247.012769170679,104.3912708261800045,,,,,,,,,,,,,,,,,,
50466.139466006214,199.2547499230499846,,,,,,,,,,,,,,,,,,
50707.107312689236,197.836321874179986,,,,,,,,,,,,,,,,,,
51089.905355889206,346.3148635480499695,,,,,,,,,,,,,,,,,,
51310.935919761164,182.9790650643099632,,,,,,,,,,,,,,,,,,
51517.534510731751,203.1758948382000078,,,,,,,,,,,,,,,,,,
51694.675114455546,174.431627049539997,,,,,,,,,,,,,,,,,,
51836.116369782477,134.397505002809964,,,,,,,,,,,,,,,,,,
51949.415517566782,111.0067392226299883,,,,,,,,,,,,,,,,,,
52139.129058108553,133.2214527256899708,,,,,,,,,,,,,,,,,,
52242.289767251643,91.50903511200499415,,,,,,,,,,,,,,,,,,
52344.529367001451,96.4759183887090042,,,,,,,,,,,,,,,,,,
52582.951377465676,236.4197113500200077,,,,,,,,,,,,,,,,,,
52765.657614994646,159.0165542129499835,,,,,,,,,,,,,,,,,,
52900.569373211126,133.257320779229985,,,,,,,,,,,,,,,,,,
53119.615432648035,218.1223245263900018,,,,,,,,,,,,,,,,,,
53335.319314578777,194.0011584540100096,,,,,,,,,,,,,,,,,,
53533.229161478609,189.9873186731799696,,,,,,,,,,,,,,,,,,
53751.680865584842,211.7254788750699952,,,,,,,,,,,,,,,,,,
54026.210712684267,273.220128990980014,,,,,,,,,,,,,,,,,,
54117.067154564509,78.4668541147260039,,,,,,,,,,,,,,,,,,
54241.019177157039,104.0988638273300064,,,,,,,,,,,,,,,,,,
54391.804674249013,149.7486172677099597,,,,,,,,,,,,,,,,,,
54682.144729580734,267.8077241454799367,,,,,,,,,,,,,,,,,,
54991.011363975692,228.1481136303499956,,,,,,,,,,,,,,,,,,
55170.10379407163,177.5906573976499765,,,,,,,,,,,,,,,,,,
55325.243683819439,152.8872673646699803,,,,,,,,,,,,,,,,,,
55405.770167846327,79.9354514692119833,,,,,,,,,,,,,,,,,,
55695.952029058121,282.967131338920011,,,,,,,,,,,,,,,,,,
56028.247066895643,310.405955950709994,,,,,,,,,,,,,,,,,,
56157.471107347975,128.4939035766399793,,,,,,,,,,,,,,,,,,
56270.655327123369,110.0601400644799805,,,,,,,,,,,,,,,,,,
56354.690665842935,72.0487521920779838,,,,,,,,,,,,,,,,,,
56430.131937675669,72.1583133734309851,,,,,,,,,,,,,,,,,,
56566.815941806719,132.4034052271699688,,,,,,,,,,,,,,,,,,
56705.570441938303,137.623291225020011,,,,,,,,,,,,,,,,,,
56897.159587618054,182.0376722462299875,,,,,,,,,,,,,,,,,,
57006.164781847836,105.9693918596200031,,,,,,,,,,,,,,,,,,
57186.462054326531,178.1117103111399721,,,,,,,,,,,,,,,,,,
57389.274263371638,160.2060271454599835,,,,,,,,,,,,,,,,,,
57584.425438941967,172.7316644042099932,,,,,,,,,,,,,,,,,,
57694.595544590085,54.54494177572499305,,,,,,,,,,,,,,,,,,
57824.704622565867,128.8139927647699775,,,,,,,,,,,,,,,,,,
58095.862683056183,151.3119615888999756,,,,,,,,,,,,,,,,,,
58201.373028198304,104.3718929077099911,,,,,,,,,,,,,,,,,,
58407.355911388435,205.1605209313199785,,,,,,,,,,,,,,,,,,
58609.729826113528,181.6546176261500128,,,,,,,,,,,,,,,,,,
58706.647733447567,96.2874488848039785,,,,,,,,,,,,,,,,,,
58868.727719011122,158.6361272819900131,,,,,,,,,,,,,,,,,,
58905.923427451636,30.28860626263799805,,,,,,,,,,,,,,,,,,
59126.160397023039,219.5956503806800125,,,,,,,,,,,,,,,,,,
59229.193596008051,101.1631527190899926,,,,,,,,,,,,,,,,,,
59504.348843636914,223.0219298320299682,,,,,,,,,,,,,,,,,,
59674.771441629023,165.9146736653800071,,,,,,,,,,,,,,,,,,
59890.861431323598,209.5366078509300102,,,,,,,,,,,,,,,,,,
60025.85746052133,132.1741943086499868,,,,,,,,,,,,,,,,,,
60254.47957207925,224.0448434817399737,,,,,,,,,,,,,,,,,,
60512.945559480458,254.6133342364399815,,,,,,,,,,,,,,,,,,
60696.776591241896,131.0179808042800001,,,,,,,,,,,,,,,,,,
60914.06873919877,174.077030520719972,,,,,,,,,,,,,,,,,,
61194.854970054084,216.6202699939199751,,,,,,,,,,,,,,,,,,
61387.482277424782,190.9430320713399846,,,,,,,,,,,,,,,,,,
61591.839702040957,203.3315631186200102,,,,,,,,,,,,,,,,,,
61706.714223446389,111.1989764250299965,,,,,,,,,,,,,,,,,,
61857.130489957279,136.9886940780299932,,,,,,,,,,,,,,,,,,
62189.760854254547,314.2691589689899265,,,,,,,,,,,,,,,,,,
62373.721692065256,133.8891013369000116,,,,,,,,,,,,,,,,,,
62487.99152096735,113.520383863649982,,,,,,,,,,,,,,,,,,
62651.298467027771,145.6499485161600087,,,,,,,,,,,,,,,,,,
62824.687204187478,142.5977934270399597,,,,,,,,,,,,,,,,,,
63154.30721595527,320.3704511884699277,,,,,,,,,,,,,,,,,,
63326.626401125365,156.8605326783699632,,,,,,,,,,,,,,,,,,
63485.694341363235,156.6749666288899897,,,,,,,,,,,,,,,,,,
63616.409503402309,87.74703178670998175,,,,,,,,,,,,,,,,,,
63768.58912729953,150.0831769334799897,,,,,,,,,,,,,,,,,,
63958.964876682679,187.915367197610009,,,,,,,,,,,,,,,,,,
64086.235594210417,124.4957057933199843,,,,,,,,,,,,,,,,,,
64182.312697941659,89.8885142224220029,,,,,,,,,,,,,,,,,,
64375.608332068437,191.1984198911499666,,,,,,,,,,,,,,,,,,
64470.070405769729,76.6521769688019955,,,,,,,,,,,,,,,,,,
64615.674253702913,144.0491493915799872,,,,,,,,,,,,,,,,,,
64811.262965489797,194.978315342309997,,,,,,,,,,,,,,,,,,
64961.204982752917,120.901747900349988,,,,,,,,,,,,,,,,,,
65038.804840241684,58.8773437143649969,,,,,,,,,,,,,,,,,,
65212.138913423195,171.0241745213600093,,,,,,,,,,,,,,,,,,
65453.602392634148,238.4857548692399962,,,,,,,,,,,,,,,,,,
65638.077527400744,181.0374557238999946,,,,,,,,,,,,,,,,,,
65855.061133631522,207.3267658903799876,,,,,,,,,,,,,,,,,,
66025.22663171952,152.7705630044899856,,,,,,,,,,,,,,,,,,
66211.49520369278,185.3208233961699981,,,,,,,,,,,,,,,,,,
66407.463760626505,152.8754602896099751,,,,,,,,,,,,,,,,,,
66549.387016354611,140.3777092577699926,,,,,,,,,,,,,,,,,,
66684.473607438951,131.0736225134199907,,,,,,,,,,,,,,,,,,
67102.926464585581,416.5532226565600225,,,,,,,,,,,,,,,,,,
67458.079691963661,351.3956641582699367,,,,,,,,,,,,,,,,,,
67621.308827560545,154.4891441385299791,,,,,,,,,,,,,,,,,,
67911.490321868451,289.06399080525,,,,,,,,,,,,,,,,,,
68231.644815156377,304.8666239267199657,,,,,,,,,,,,,,,,,,
68338.491253793751,89.07450370110200285,,,,,,,,,,,,,,,,,,
68460.559497215405,121.0890860325799845,,,,,,,,,,,,,,,,,,
68650.212633594476,187.2369918038899633,,,,,,,,,,,,,,,,,,
68802.633340841691,106.903942505219987,,,,,,,,,,,,,,,,,,
68941.423978999526,131.7525808681899657,,,,,,,,,,,,,,,,,,
69081.935144220859,132.2377649526000021,,,,,,,,,,,,,,,,,,
69224.239354247919,132.6861475563899825,,,,,,,,,,,,,,,,,,
69361.718850322404,126.6027741164099888,,,,,,,,,,,,,,,,,,
69479.155641494436,115.2029729483099908,,,,,,,,,,,,,,,,,,
69724.721013681062,242.2243266666100102,,,,,,,,,,,,,,,,,,
69882.174959951177,151.1082221006699903,,,,,,,,,,,,,,,,,,
69953.538521302679,69.65113359668299585,,,,,,,,,,,,,,,,,,
70061.727923881057,106.4594421873899816,,,,,,,,,,,,,,,,,,
70230.634677111022,151.8637543830499788,,,,,,,,,,,,,,,,,,
70367.541162368311,134.6334010896499645,,,,,,,,,,,,,,,,,,
70683.787537595456,315.4000874673299662,,,,,,,,,,,,,,,,,,
70883.94242123849,195.4249241623400043,,,,,,,,,,,,,,,,,,
70978.548150573435,68.64569832636198025,,,,,,,,,,,,,,,,,,
71080.928942474135,95.0417704027150019,,,,,,,,,,,,,,,,,,
71166.422191868733,82.5210893390400028,,,,,,,,,,,,,,,,,,
71304.002392167289,134.9530635875900083,,,,,,,,,,,,,,,,,,
71494.199945662399,158.7355088623999671,,,,,,,,,,,,,,,,,,
71673.29911378002,170.9945851663799766,,,,,,,,,,,,,,,,,,
71961.076239114477,224.8780840671699926,,,,,,,,,,,,,,,,,,
72261.482796364723,270.2108234596099682,,,,,,,,,,,,,,,,,,
72441.409182768933,159.8605924041700057,,,,,,,,,,,,,,,,,,
72694.05162895737,185.7458908297099916,,,,,,,,,,,,,,,,,,
72839.814921427023,127.6513014579499831,,,,,,,,,,,,,,,,,,
72974.151183314933,132.4930502525199922,,,,,,,,,,,,,,,,,,
73139.019520684251,143.6726203951899943,,,,,,,,,,,,,,,,,,
73339.530126221674,199.0007539251000132,,,,,,,,,,,,,,,,,,
73451.99615153945,107.0701282105199818,,,,,,,,,,,,,,,,,,
73568.676345393576,112.8759337401099853,,,,,,,,,,,,,,,,,,
73756.556544239644,184.3885642389199678,,,,,,,,,,,,,,,,,,
73884.218953376457,119.9530551035399803,,,,,,,,,,,,,,,,,,
74042.489740447289,117.7346383492800038,,,,,,,,,,,,,,,,,,
74181.428764888695,131.9320701550599888,,,,,,,,,,,,,,,,,,
74325.701428742248,129.1385492590100052,,,,,,,,,,,,,,,,,,
74475.51552073596,147.8431971464299858,,,,,,,,,,,,,,,,,,
74822.610837474718,335.895118733780008,,,,,,,,,,,,,,,,,,
74972.238863988828,146.3911464948699852,,,,,,,,,,,,,,,,,,
75103.017903796864,128.7742194502499723,,,,,,,,,,,,,,,,,,
75379.251190104278,253.5262746140599565,,,,,,,,,,,,,,,,,,
75711.537847709882,325.6739561772999412,,,,,,,,,,,,,,,,,,
75872.184521940149,108.3630459885999922,,,,,,,,,,,,,,,,,,
75941.903344144576,65.4383428834339893,,,,,,,,,,,,,,,,,,
76264.310653598743,311.4278860225299462,,,,,,,,,,,,,,,,,,
76444.213281276466,170.8712525761599743,,,,,,,,,,,,,,,,,,
76762.808700654695,317.631781958269925,,,,,,,,,,,,,,,,,,
76936.120195297871,171.5099950784500031,,,,,,,,,,,,,,,,,,
77225.497939919431,167.6691117400699788,,,,,,,,,,,,,,,,,,
77555.628264181067,224.2807643490299926,,,,,,,,,,,,,,,,,,
77832.164947424606,275.6037026413899852,,,,,,,,,,,,,,,,,,
78027.970226357457,188.4705028483199946,,,,,,,,,,,,,,,,,,
78176.313171856244,145.5642128654699825,,,,,,,,,,,,,,,,,,
78363.912092584408,186.2551521559299766,,,,,,,,,,,,,,,,,,
78536.362698352651,153.7821825828099797,,,,,,,,,,,,,,,,,,
78724.531870675194,187.32817140006,,,,,,,,,,,,,,,,,,
78826.373738157088,100.33946831467,,,,,,,,,,,,,,,,,,
78896.658791977374,66.471159605797993,,,,,,,,,,,,,,,,,,
79072.67028897793,173.5472821871699688,,,,,,,,,,,,,,,,,,
79152.583645805587,69.6173414605769946,,,,,,,,,,,,,,,,,,
79345.431576446268,182.4650235930000113,,,,,,,,,,,,,,,,,,
79667.926769350303,289.5175197689200095,,,,,,,,,,,,,,,,,,
79886.476218056392,215.0228296998499777,,,,,,,,,,,,,,,,,,
