run,type,module,name,attrname,attrvalue,value,vectime,vecvalue
LOAD_Variation_SCHEDULING-EFFECT-Pretio-wl-10run-Scheduling-on-QDrop-off-0-20210928-12:29:53-6384,runattr,,,configname,LOAD_Variation_SCHEDULING-EFFECT-Pretio-wl-10run-Scheduling-on-QDrop-off,,,
LOAD_Variation_SCHEDULING-EFFECT-Pretio-wl-10run-Scheduling-on-QDrop-off-0-20210928-12:29:53-6384,runattr,,,datetime,20210928-12:29:53,,,
LOAD_Variation_SCHEDULING-EFFECT-Pretio-wl-10run-Scheduling-on-QDrop-off-0-20210928-12:29:53-6384,runattr,,,experiment,LOAD_Variation_SCHEDULING-EFFECT-Pretio-wl-10run-Scheduling-on-QDrop-off,,,
LOAD_Variation_SCHEDULING-EFFECT-Pretio-wl-10run-Scheduling-on-QDrop-off-0-20210928-12:29:53-6384,runattr,,,inifile,omnetpp.ini,,,
LOAD_Variation_SCHEDULING-EFFECT-Pretio-wl-10run-Scheduling-on-QDrop-off-0-20210928-12:29:53-6384,runattr,,,iterationvars,,,,
LOAD_Variation_SCHEDULING-EFFECT-Pretio-wl-10run-Scheduling-on-QDrop-off-0-20210928-12:29:53-6384,runattr,,,iterationvarsf,,,,
LOAD_Variation_SCHEDULING-EFFECT-Pretio-wl-10run-Scheduling-on-QDrop-off-0-20210928-12:29:53-6384,runattr,,,measurement,,,,
LOAD_Variation_SCHEDULING-EFFECT-Pretio-wl-10run-Scheduling-on-QDrop-off-0-20210928-12:29:53-6384,runattr,,,network,PretioWithLB,,,
LOAD_Variation_SCHEDULING-EFFECT-Pretio-wl-10run-Scheduling-on-QDrop-off-0-20210928-12:29:53-6384,runattr,,,processid,6384,,,
LOAD_Variation_SCHEDULING-EFFECT-Pretio-wl-10run-Scheduling-on-QDrop-off-0-20210928-12:29:53-6384,runattr,,,repetition,0,,,
LOAD_Variation_SCHEDULING-EFFECT-Pretio-wl-10run-Scheduling-on-QDrop-off-0-20210928-12:29:53-6384,runattr,,,replication,#0,,,
LOAD_Variation_SCHEDULING-EFFECT-Pretio-wl-10run-Scheduling-on-QDrop-off-0-20210928-12:29:53-6384,runattr,,,resultdir,results,,,
LOAD_Variation_SCHEDULING-EFFECT-Pretio-wl-10run-Scheduling-on-QDrop-off-0-20210928-12:29:53-6384,runattr,,,runnumber,0,,,
LOAD_Variation_SCHEDULING-EFFECT-Pretio-wl-10run-Scheduling-on-QDrop-off-0-20210928-12:29:53-6384,runattr,,,seedset,0,,,
LOAD_Variation_SCHEDULING-EFFECT-Pretio-wl-10run-Scheduling-on-QDrop-off-0-20210928-12:29:53-6384,param,,,*.numClients,30,,,
LOAD_Variation_SCHEDULING-EFFECT-Pretio-wl-10run-Scheduling-on-QDrop-off-0-20210928-12:29:53-6384,param,,,*.numServers,1,,,
LOAD_Variation_SCHEDULING-EFFECT-Pretio-wl-10run-Scheduling-on-QDrop-off-0-20210928-12:29:53-6384,param,,,*.server[*].numVms,4,,,
LOAD_Variation_SCHEDULING-EFFECT-Pretio-wl-10run-Scheduling-on-QDrop-off-0-20210928-12:29:53-6384,param,,,*.client[0].app[0].connectPort,401,,,
LOAD_Variation_SCHEDULING-EFFECT-Pretio-wl-10run-Scheduling-on-QDrop-off-0-20210928-12:29:53-6384,param,,,*.client[1].app[0].connectPort,402,,,
LOAD_Variation_SCHEDULING-EFFECT-Pretio-wl-10run-Scheduling-on-QDrop-off-0-20210928-12:29:53-6384,param,,,*.client[2].app[0].connectPort,402,,,
LOAD_Variation_SCHEDULING-EFFECT-Pretio-wl-10run-Scheduling-on-QDrop-off-0-20210928-12:29:53-6384,param,,,*.client[3].app[0].connectPort,403,,,
LOAD_Variation_SCHEDULING-EFFECT-Pretio-wl-10run-Scheduling-on-QDrop-off-0-20210928-12:29:53-6384,param,,,*.client[4].app[0].connectPort,403,,,
LOAD_Variation_SCHEDULING-EFFECT-Pretio-wl-10run-Scheduling-on-QDrop-off-0-20210928-12:29:53-6384,param,,,*.client[5].app[0].connectPort,403,,,
LOAD_Variation_SCHEDULING-EFFECT-Pretio-wl-10run-Scheduling-on-QDrop-off-0-20210928-12:29:53-6384,param,,,*.client[6].app[0].connectPort,404,,,
LOAD_Variation_SCHEDULING-EFFECT-Pretio-wl-10run-Scheduling-on-QDrop-off-0-20210928-12:29:53-6384,param,,,*.client[7].app[0].connectPort,404,,,
LOAD_Variation_SCHEDULING-EFFECT-Pretio-wl-10run-Scheduling-on-QDrop-off-0-20210928-12:29:53-6384,param,,,*.client[8].app[0].connectPort,404,,,
LOAD_Variation_SCHEDULING-EFFECT-Pretio-wl-10run-Scheduling-on-QDrop-off-0-20210928-12:29:53-6384,param,,,*.client[9].app[0].connectPort,404,,,
LOAD_Variation_SCHEDULING-EFFECT-Pretio-wl-10run-Scheduling-on-QDrop-off-0-20210928-12:29:53-6384,param,,,*.client[1*].app[0].connectPort,"int(uniform(400,405))",,,
LOAD_Variation_SCHEDULING-EFFECT-Pretio-wl-10run-Scheduling-on-QDrop-off-0-20210928-12:29:53-6384,param,,,*.client[1*].app[*].startTime,"int(uniform(5000s,15000s))",,,
LOAD_Variation_SCHEDULING-EFFECT-Pretio-wl-10run-Scheduling-on-QDrop-off-0-20210928-12:29:53-6384,param,,,*.client[1*].app[*].stopTime,"int(uniform(25000s,50000s))",,,
LOAD_Variation_SCHEDULING-EFFECT-Pretio-wl-10run-Scheduling-on-QDrop-off-0-20210928-12:29:53-6384,param,,,*.client[2*].app[0].connectPort,"int(uniform(400,405))",,,
LOAD_Variation_SCHEDULING-EFFECT-Pretio-wl-10run-Scheduling-on-QDrop-off-0-20210928-12:29:53-6384,param,,,*.client[2*].app[*].startTime,"int(uniform(20000s,35000s))",,,
LOAD_Variation_SCHEDULING-EFFECT-Pretio-wl-10run-Scheduling-on-QDrop-off-0-20210928-12:29:53-6384,param,,,*.client[2*].app[*].stopTime,"int(uniform(45000s,65000s))",,,
LOAD_Variation_SCHEDULING-EFFECT-Pretio-wl-10run-Scheduling-on-QDrop-off-0-20210928-12:29:53-6384,param,,,**.server[0].vm[0].localPort,401,,,
LOAD_Variation_SCHEDULING-EFFECT-Pretio-wl-10run-Scheduling-on-QDrop-off-0-20210928-12:29:53-6384,param,,,**.server[0].vm[1].localPort,402,,,
LOAD_Variation_SCHEDULING-EFFECT-Pretio-wl-10run-Scheduling-on-QDrop-off-0-20210928-12:29:53-6384,param,,,**.server[0].vm[2].localPort,403,,,
LOAD_Variation_SCHEDULING-EFFECT-Pretio-wl-10run-Scheduling-on-QDrop-off-0-20210928-12:29:53-6384,param,,,**.server[0].vm[3].localPort,404,,,
LOAD_Variation_SCHEDULING-EFFECT-Pretio-wl-10run-Scheduling-on-QDrop-off-0-20210928-12:29:53-6384,param,,,*.server[*].OS_scheduler.S[*].serviceTime,exponential(4s),,,
LOAD_Variation_SCHEDULING-EFFECT-Pretio-wl-10run-Scheduling-on-QDrop-off-0-20210928-12:29:53-6384,param,,,*.server[*].OS_scheduler.S[*].sleepTime,exponential(20s),,,
LOAD_Variation_SCHEDULING-EFFECT-Pretio-wl-10run-Scheduling-on-QDrop-off-0-20210928-12:29:53-6384,param,,,*.server[*].OS_scheduler.S[*].scheduleShare,exponential(4s),,,
LOAD_Variation_SCHEDULING-EFFECT-Pretio-wl-10run-Scheduling-on-QDrop-off-0-20210928-12:29:53-6384,param,,,*.server[*].OS_scheduler.S[*].schedulerStatus,true,,,
LOAD_Variation_SCHEDULING-EFFECT-Pretio-wl-10run-Scheduling-on-QDrop-off-0-20210928-12:29:53-6384,param,,,*.server[*].OS_scheduler.Q[*].capacity,20,,,
LOAD_Variation_SCHEDULING-EFFECT-Pretio-wl-10run-Scheduling-on-QDrop-off-0-20210928-12:29:53-6384,param,,,*.client[*].app[0].idleInterval,exponential(0.01s),,,
LOAD_Variation_SCHEDULING-EFFECT-Pretio-wl-10run-Scheduling-on-QDrop-off-0-20210928-12:29:53-6384,param,,,*.client[*].app[0].numRequestsPerSession,"1+int(binomial(6,0.9))",,,
LOAD_Variation_SCHEDULING-EFFECT-Pretio-wl-10run-Scheduling-on-QDrop-off-0-20210928-12:29:53-6384,param,,,*.client[*].app[0].thinkTime,exponential(1s),,,
LOAD_Variation_SCHEDULING-EFFECT-Pretio-wl-10run-Scheduling-on-QDrop-off-0-20210928-12:29:53-6384,param,,,**.cloudNetwork.ipv4Delayer.config,"xmldoc(""internetCloud.xml"")",,,
LOAD_Variation_SCHEDULING-EFFECT-Pretio-wl-10run-Scheduling-on-QDrop-off-0-20210928-12:29:53-6384,param,,,*.client[*].numApps,1,,,
LOAD_Variation_SCHEDULING-EFFECT-Pretio-wl-10run-Scheduling-on-QDrop-off-0-20210928-12:29:53-6384,param,,,*.client[*].app[*].typename,"""tryClient""",,,
LOAD_Variation_SCHEDULING-EFFECT-Pretio-wl-10run-Scheduling-on-QDrop-off-0-20210928-12:29:53-6384,param,,,*.client[*].app[*].connectAddress,"""server[0]""",,,
LOAD_Variation_SCHEDULING-EFFECT-Pretio-wl-10run-Scheduling-on-QDrop-off-0-20210928-12:29:53-6384,param,,,*.client[*].app[*].requestLength,"1B*int(truncnormal(150,10))",,,
LOAD_Variation_SCHEDULING-EFFECT-Pretio-wl-10run-Scheduling-on-QDrop-off-0-20210928-12:29:53-6384,param,,,*.client[*].app[*].replyLength,"1B*int(truncnormal(350,20))",,,
LOAD_Variation_SCHEDULING-EFFECT-Pretio-wl-10run-Scheduling-on-QDrop-off-0-20210928-12:29:53-6384,param,,,*.server[*].numVms,1,,,
LOAD_Variation_SCHEDULING-EFFECT-Pretio-wl-10run-Scheduling-on-QDrop-off-0-20210928-12:29:53-6384,param,,,*.server[*].vm[*].typename,"""tryServer""",,,
LOAD_Variation_SCHEDULING-EFFECT-Pretio-wl-10run-Scheduling-on-QDrop-off-0-20210928-12:29:53-6384,param,,,*.server[*].vm[*].replyDelay,exponential(0.5s),,,
LOAD_Variation_SCHEDULING-EFFECT-Pretio-wl-10run-Scheduling-on-QDrop-off-0-20210928-12:29:53-6384,param,,,*.server[*].ppp[*].ppp.queue.typename,"""DropTailQueue""",,,
LOAD_Variation_SCHEDULING-EFFECT-Pretio-wl-10run-Scheduling-on-QDrop-off-0-20210928-12:29:53-6384,param,,,**.ppp[*].ppp.queue.typename,"""DropTailQueue""",,,
LOAD_Variation_SCHEDULING-EFFECT-Pretio-wl-10run-Scheduling-on-QDrop-off-0-20210928-12:29:53-6384,param,,,**.ppp[*].ppp.queue.packetCapacity,10,,,
LOAD_Variation_SCHEDULING-EFFECT-Pretio-wl-10run-Scheduling-on-QDrop-off-0-20210928-12:29:53-6384,vector,PretioWithLB.client[0].app[0],ResponseTime,,,,"110.680324944016 262.358053320223 526.565996491384 763.331743477523 1042.28486963033 1263.459372207759 1506.459987607075 1741.450701670432 1967.304673205926 2070.204527823722 2248.336641267492 2469.258536978969 2715.566942447763 2774.452177826882 2935.782982495495 3134.801028692538 3296.574603927379 3530.855883983363 3657.695311528397 3749.811792887823 3895.314272311161 4175.380789147901 4308.238169879591 4533.982070203003 4637.978261592734 4931.460056275286 5209.200985926456 5340.791400714064 5490.536355566066 5645.628480050626 5710.175339720332 5825.6715329076 6141.992560429418 6359.057170598906 6531.786228404045 6706.278950518178 6874.168428601954 7054.531393391089 7162.227108857932 7363.714471556153 7605.678599634572 7808.723505578457 8040.11522913717 8232.3559312258 8424.208032231985 8536.867341688943 8775.955649032083 8947.800971041282 9070.079787509432 9198.743936485383 9400.517315181902 9468.81496679261 9660.340154236023 9782.6314552732 9896.261571113669 10084.438410807251 10294.46007153409 10463.334570491396 10587.474661320785 10705.767812451209 11030.561798494351 11216.381536232548 11294.096988095792 11535.387508507936 11675.89395736844 11842.811987543684 11890.5863851432 12061.320565839241 12369.430767537542 12525.362211744953 12769.253122032514 13044.862091740713 13248.542158336992 13323.742098415039 13561.250740567472 13729.328222742802 13852.358871905129 14087.828250549219 14307.397175728801 14867.656766796094 15255.249675683382 15530.041493803745 15901.269071154308 16265.469754917732 16636.982056519952 16914.716347508839 17427.103283409103 17843.592425527059 18314.42733939876 18882.02733188318 19363.03767461687 19612.368674872202 20082.227717814743 20490.327875887354 20924.72746594702 21358.682464349 21814.98273982526 22090.787988830976 22488.747528250201 23050.008887508299 23647.845490778548 23939.979635938343 24399.597477526783 24724.826095373999 25208.288088418722 25384.726177687874 25747.68703221818 26176.728082435745 26449.46848137713 26705.324725851285 26933.313114689719 27090.590598783565 27372.127324768913 27636.623532763965 27888.804278720249 28158.522920345957 28607.487102340891 28891.524596885718 29224.542968943716 29658.507479335108 29928.005317576134 30229.737925548377 30403.987208621547 30596.9906399994 30713.840222776859 30932.428538513902 31278.233540301668 31483.629843580781 31774.348316043237 32098.283547659969 32330.203941322169 32760.202154822355 33024.463315491172 33530.797168160698 33752.873655502396 34065.157224315139 34484.315839992957 34664.774517508227 35024.576115125273 35246.183046011689 35616.574847494525 35889.462379527514 36135.593227496279 36356.868250660043 36615.648994418966 36851.69680295559 37166.53854834384 37557.303446072243 37975.198230953877 38235.196089568607 38485.40483644113 38637.910150252053 38891.763382045588 39158.416593496407 39322.819330496343 39746.110149853378 39917.67493927524 40135.739990745843 40446.442649662109 40750.374470458379 41213.653600495123 41511.112368732765 41799.376149663611 42015.123459015767 42356.529500883086 42761.032867625731 42930.606816900449 43141.510827006283 43570.743394187343 44064.951683937818 44303.892584693302 44588.711629957789 44830.21801314748 45012.751927052763 45260.596061377871 45426.240636024399 45550.08328750478 45956.429129847954 46111.06724211023 46283.917164672876 46675.702775767852 46923.422035036895 47113.664199381314 47290.638858589119 47419.710881453649 47583.016976712659 47677.033548348666 47838.227111449049 48065.872451046184 48258.054472960415 48449.342771008585 48667.666630717365 48839.161215280321 48920.443252054154 49229.923354274723 49373.112794894383 49460.605643270185 49632.653484441365 50049.99989894675 50139.713315821672 50247.012769170679 50466.139466006214 50707.107312689236 51089.905355889206 51310.935919761164 51517.534510731751 51694.675114455546 51836.116369782477 51949.415517566782 52139.129058108553 52242.289767251643 52344.529367001451 52582.951377465676 52765.657614994646 52900.569373211126 53119.615432648035 53335.319314578777 53533.229161478609 53751.680865584842 54026.210712684267 54117.067154564509 54241.019177157039 54391.804674249013 54682.144729580734 54991.011363975692 55170.10379407163 55325.243683819439 55405.770167846327 55695.952029058121 56028.247066895643 56157.471107347975 56270.655327123369 56354.690665842935 56430.131937675669 56566.815941806719 56705.570441938303 56897.159587618054 57006.164781847836 57186.462054326531 57389.274263371638 57584.425438941967 57694.595544590085 57824.704622565867 58095.862683056183 58201.373028198304 58407.355911388435 58609.729826113528 58706.647733447567 58868.727719011122 58905.923427451636 59126.160397023039 59229.193596008051 59504.348843636914 59674.771441629023 59890.861431323598 60025.85746052133 60254.47957207925 60512.945559480458 60696.776591241896 60914.06873919877 61194.854970054084 61387.482277424782 61591.839702040957 61706.714223446389 61857.130489957279 62189.760854254547 62373.721692065256 62487.99152096735 62651.298467027771 62824.687204187478 63154.30721595527 63326.626401125365 63485.694341363235 63616.409503402309 63768.58912729953 63958.964876682679 64086.235594210417 64182.312697941659 64375.608332068437 64470.070405769729 64615.674253702913 64811.262965489797 64961.204982752917 65038.804840241684 65212.138913423195 65453.602392634148 65638.077527400744 65855.061133631522 66025.22663171952 66211.49520369278 66407.463760626505 66549.387016354611 66684.473607438951 67102.926464585581 67458.079691963661 67621.308827560545 67911.490321868451 68231.644815156377 68338.491253793751 68460.559497215405 68650.212633594476 68802.633340841691 68941.423978999526 69081.935144220859 69224.239354247919 69361.718850322404 69479.155641494436 69724.721013681062 69882.174959951177 69953.538521302679 70061.727923881057 70230.634677111022 70367.541162368311 70683.787537595456 70883.94242123849 70978.548150573435 71080.928942474135 71166.422191868733 71304.002392167289 71494.199945662399 71673.29911378002 71961.076239114477 72261.482796364723 72441.409182768933 72694.05162895737 72839.814921427023 72974.151183314933 73139.019520684251 73339.530126221674 73451.99615153945 73568.676345393576 73756.556544239644 73884.218953376457 74042.489740447289 74181.428764888695 74325.701428742248 74475.51552073596 74822.610837474718 74972.238863988828 75103.017903796864 75379.251190104278 75711.537847709882 75872.184521940149 75941.903344144576 76264.310653598743 76444.213281276466 76762.808700654695 76936.120195297871 77225.497939919431 77555.628264181067 77832.164947424606 78027.970226357457 78176.313171856244 78363.912092584408 78536.362698352651 78724.531870675194 78826.373738157088 78896.658791977374 79072.67028897793 79152.583645805587 79345.431576446268 79667.926769350303 79886.476218056392","109.68032494402 147.75052943566 258.54970322381 234.40235423033 121.6632713252 220.24174276186 241.77094096939 228.15544768588 134.97931489869 100.80714503555 136.65970375685 147.47098188595 245.546923878 56.165528477276 138.8863059727 195.90171231317 159.09706335642 194.36591476218 125.60979105738 71.325495362468 141.12228239096 257.50857349906 130.63646618918 221.27498803648 99.660450544952 251.1062253589 254.13720668857 129.88190905278 142.98260064785 143.45032511124 63.110359626003 95.15747733512 254.18994267516 207.08745541896 166.45115339961 164.08271234217 165.57459244056 151.64226844749 101.70383128267 200.75406311203 205.86934747095 163.2036449034 155.57556048326 169.52925612057 186.32527872104 108.144742386 235.5728649742 164.05754576307 115.48162227424 127.57047600532 184.30084938205 65.247477064129 99.812910051035 109.09927896275 111.84183669403 167.89152527273 208.13833118447 141.6836521843 118.98639129439 108.95642666883 270.21348047687 140.21225616716 75.657801426168 196.75738484902 112.00897107788 158.68484543839 46.718917919755 149.02460732162 283.62505603579 112.17459282584 228.21296267386 267.56697224709 182.21558938473 73.852183326521 213.88323689611 167.27975976009 119.64771619068 234.18722333585 218.85954219891 522.44790553533 357.25293241282 236.88047213098 364.09513975146 331.65621584872 354.78813445801 260.70955133811 469.58828526926 319.19172914993 416.43812148606 532.41721220329 361.42611338801 241.01382144069 408.61520477097 402.41103532447 386.3248201063 382.28400475202 353.766261948 265.35639365089 275.30885645829 513.62254887222 505.15476277035 216.73704829855 453.73312107551 285.15504909523 450.08366009064 137.44076092204 351.63492169148 416.13974300511 243.71532835928 242.01131567569 224.71822824566 137.27336409512 196.06821970683 230.65221326683 239.95854111797 267.25219619963 441.44700904653 254.40139382031 309.88391151955 402.18320007841 260.9890287647 298.28359163391 169.86707628255 174.54805191122 116.18435416868 211.73422566969 341.36849318237 177.34904887546 274.41693564102 307.2314043988 193.85144791459 423.0562327286 236.54253379106 426.76689389108 190.81011412258 253.74647967486 314.92825380358 174.80714061188 356.92562293838 209.72335163861 368.94105328734 269.06568328887 218.61986949506 217.93314466183 237.18885593465 208.54909283686 244.58239835091 375.4219400438 342.41388118058 254.29361305926 245.27228413618 145.51048229244 186.37123296217 199.11535409073 160.36304767458 410.86860151726 135.69996177845 214.91941512656 193.08975745673 279.4901896294 450.12751051274 294.03803870535 261.08503583439 167.10342071525 332.78345395949 354.78443696829 135.49059346928 209.61599606901 404.55113234093 433.7036079741 235.88331091746 283.18331706121 216.36244388507 164.87366086526 194.41020668632 161.86172360259 99.855309125133 371.55301146703 144.97785614252 163.76150902457 354.28972164509 246.50847536533 187.84749350353 154.20394240964 106.45163600003 161.89003094889 93.123257885005 145.62121663184 222.4523251578 90.224044850946 188.5806502349 209.2878598121 155.66283978147 72.362881976348 219.46893276478 124.72275085289 83.846375413244 164.13337308994 413.83624457401 87.965456642006 104.39127082618 199.25474992305 197.83632187418 346.31486354805 182.97906506431 203.1758948382 174.43162704954 134.39750500281 111.00673922263 133.22145272569 91.509035112005 96.475918388709 236.41971135002 159.01655421295 133.25732077923 218.12232452639 194.00115845401 189.98731867318 211.72547887507 273.22012899098 78.466854114726 104.09886382733 149.74861726771 267.80772414548 228.14811363035 177.59065739765 152.88726736467 79.935451469212 282.96713133892 310.40595595071 128.49390357664 110.06014006448 72.048752192078 72.158313373431 132.40340522717 137.62329122502 182.03767224623 105.96939185962 178.11171031114 160.20602714546 172.73166440421 54.544941775725 128.81399276477 151.3119615889 104.37189290771 205.16052093132 181.65461762615 96.287448884804 158.63612728199 30.288606262638 219.59565038068 101.16315271909 223.02192983203 165.91467366538 209.53660785093 132.17419430865 224.04484348174 254.61333423644 131.01798080428 174.07703052072 216.62026999392 190.94303207134 203.33156311862 111.19897642503 136.98869407803 314.26915896899 133.8891013369 113.52038386365 145.64994851616 142.59779342704 320.37045118847 156.86053267837 156.67496662889 87.74703178671 150.08317693348 187.91536719761 124.49570579332 89.888514222422 191.19841989115 76.652176968802 144.04914939158 194.97831534231 120.90174790035 58.877343714365 171.02417452136 238.48575486924 181.0374557239 207.32676589038 152.77056300449 185.32082339617 152.87546028961 140.37770925777 131.07362251342 416.55322265656 351.39566415827 154.48914413853 289.06399080525 304.86662392672 89.074503701102 121.08908603258 187.23699180389 106.90394250522 131.75258086819 132.2377649526 132.68614755639 126.60277411641 115.20297294831 242.22432666661 151.10822210067 69.651133596683 106.45944218739 151.86375438305 134.63340108965 315.40008746733 195.42492416234 68.645698326362 95.041770402715 82.52108933904 134.95306358759 158.7355088624 170.99458516638 224.87808406717 270.21082345961 159.86059240417 185.74589082971 127.65130145795 132.49305025252 143.67262039519 199.0007539251 107.07012821052 112.87593374011 184.38856423892 119.95305510354 117.73463834928 131.93207015506 129.13854925901 147.84319714643 335.89511873378 146.39114649487 128.77421945025 253.52627461406 325.6739561773 108.3630459886 65.438342883434 311.42788602253 170.87125257616 317.63178195827 171.50999507845 167.66911174007 224.28076434903 275.60370264139 188.47050284832 145.56421286547 186.25515215593 153.78218258281 187.32817140006 100.33946831467 66.471159605798 173.54728218717 69.617341460577 182.465023593 289.51751976892 215.02282969985"
LOAD_Variation_SCHEDULING-EFFECT-Pretio-wl-10run-Scheduling-on-QDrop-off-0-20210928-12:29:53-6384,vector,PretioWithLB.client[5].app[0],ResponseTime,,,,"230.268642716696 578.540320941168 1039.024590010573 1384.95797036668 1970.564658661442 2470.146548280276 3000.080155594997 3218.16978273319 3461.077848253586 3836.466893667832 4262.216147270853 4675.831087557843 5048.025481843188 5473.659135803903 5862.780296055239 6407.879953948792 6924.940645188966 7508.000583173624 8092.134159115325 8806.32336157959 9872.368718339504 10448.512857519473 11228.602333178683 11869.537815437891 12574.216331308213 13263.419533600734 13834.646294671542 14737.212816829248 15830.184837695903 16700.25833912756 17332.507133457218 17880.115459279891 18604.484998307798 19320.216685503966 20170.065663506968 20939.795403514481 21605.335938089699 22412.409843221382 23263.351763677436 23865.909032456276 24537.975006092434 25505.195205329657 26917.892918169816 27605.137376980911 28608.568654366132 29520.203083605004 30396.153030804096 31842.96772735968 33198.069429900867 34458.266126212616 35869.976268858634 36803.802523694978 37849.055095048213 38671.847728033102 39585.263222543739 40238.669994518396 40909.481438790624 41951.688362704533 42666.059812453383 43609.493183327947 44512.402534236004 45164.995418784472 46115.722394618384 46628.297699254835 47190.614121070542 47913.503048144674 48450.309821561618 49149.478551287147 49646.507655058077 50549.664176825278 51062.068172818797 51503.592132405114 51876.373638137793 52374.945001112187 52853.510034170632 53484.842217834507 54241.511433624188 54812.368792742337 55402.377725925945 55955.683162636988 56443.078767681531 57061.06412347597 57407.596428059393 57783.22353439512 58147.820456699816 58559.670915523029 58840.004286619258 59410.716142976528 59665.240455150431 60114.218476694828 60565.023573402982 60958.476578568062 61307.501251774026 61639.434498117491 62150.919291869735 62871.732144090714 63178.99585108383 63585.277850280853 63937.939806960055 64382.542186053658 64892.520022752671 65327.190362705397 65744.411637660247 66043.971339584719 66590.895491011028 66872.060231368918 67276.625758687571 67556.003254932724 68137.584921142589 68518.477240092215 69033.731998603791 69534.449734028641 69946.801422334173 70333.524062825573 70697.062146644582 71056.094634865497 71532.388906709034 71965.468942402035 72309.949030760252 72865.079746626657 73252.704636976593 73781.861260873717 74270.625783676226 74616.82160596502 74985.308464086384 75416.428139001073 75856.232208788607 76164.165960166573 76540.601862350078 77051.886008702904 77452.351349430734 77668.200853639012 78128.606839839802 78435.823564306694 78684.674029151837 78973.814370311822 79384.165250659419 79917.382800067864","229.2686427167 317.26151155818 415.23553071128 330.86854974459 576.44531097092 474.48733349019 501.8010181016 195.36371525725 235.15849634697 350.80532502066 378.92283150356 400.04606659598 362.16179784828 389.6333551197 375.03371155655 532.85371025595 485.7328157146 575.85988478517 571.92565044761 663.81577365072 1035.628368636 543.6451407566 657.33118949761 481.44996545904 656.19681864457 565.40929909729 444.50095660316 836.5871723562 1043.9308693243 811.33751331388 538.04364442987 397.8527843393 572.72733025342 593.43792662969 801.99443991046 683.24805799371 617.30076332869 747.61588751729 694.0566317082 557.84513315623 577.67704347251 779.39042478713 1278.1442382647 652.3231574283 882.67619894217 752.50459460248 764.95416312279 1301.1782788913 1077.6377228091 1203.9186491953 1322.0677619135 777.22141559635 908.93178001251 783.11239459742 825.59442282673 560.96025398807 620.2407369198 838.67457504762 621.49887731554 898.21588944342 813.05832572427 631.70336827396 846.81456659763 455.41286495907 517.43803322702 577.89732739685 473.15246225835 492.51330857034 386.07832543113 828.63953107049 484.52449825879 403.26302957248 322.84013584132 478.07954851666 468.22037054435 577.11463813641 624.16925743642 525.29631710937 501.3433845643 496.3990732332 427.37181045164 610.71388240345 309.12541065254 359.25497597046 302.34358676872 387.30933474162 225.83216999422 508.07648085055 242.57785276453 391.11478843634 433.97192537981 368.32137785087 327.26871129465 289.22278794408 471.6237620164 653.08089867542 289.65968092555 382.18736816889 312.01981951192 364.32136204339 408.65686378102 373.23192939406 408.5968500446 275.48524532298 471.56580707431 267.51877521549 363.11275585169 232.46902901095 518.81287271666 352.58269042312 500.66916587721 460.23020250102 355.64859594541 334.67175877423 293.31056636991 326.57031303019 453.43178439773 390.31090702746 313.48806713105 534.07952222863 268.88654514587 446.53959934949 426.99802207267 305.98027911869 301.65388004243 336.23666492758 408.79834162314 280.80592648201 301.91890342022 455.0816198587 395.31834158454 193.34686030929 415.54872382544 262.95716868563 233.56188007782 253.16800785274 341.46023078116 500.10545720831"
LOAD_Variation_SCHEDULING-EFFECT-Pretio-wl-10run-Scheduling-on-QDrop-off-0-20210928-12:29:53-6384,vector,PretioWithLB.client[4].app[0],ResponseTime,,,,"234.690714228092 489.925951894894 1072.744242767255 1421.533398403778 1995.874722014242 2483.236224493249 3022.796034383076 3239.491669632782 3494.605641861279 3888.219926614798 4327.263907053549 4816.864451775353 5226.342555321033 5732.142370984294 6076.737308240268 6627.972148145907 7225.344908282308 7771.683307560784 8328.646922437067 9340.857933262021 10072.414018174195 10686.941435074258 11404.567525981791 11950.823655491079 12568.665572159042 13165.648716543423 13736.130874904932 14407.575759901621 15308.010066267627 16457.655391593223 17333.847285762929 18023.245602614354 18735.194041419226 19388.606700952549 20334.061287589102 21112.382783322572 21982.697174478052 23018.912618026348 23721.008039860442 24463.043754769035 25230.614511001885 26475.109823944846 27568.756307321673 28412.31270623937 29209.140846247074 30129.251440848532 31453.031838744993 33069.151425183277 34244.411779319999 35775.679039110694 36584.161957284153 37438.905567038562 38273.817174586752 39059.749733059622 39673.174880666275 40443.564223675038 41439.225205003989 42096.963090792011 42840.572318005465 43812.26108785727 44639.224738517523 45354.481190343534 46300.011076547875 46942.933968232288 47776.901229595494 48311.729330546774 48951.558763156011 49573.198663002979 50366.587245304656 51009.060796347182 51372.39140024858 51836.596333178496 52311.583309143446 52615.177214423744 53296.71174885854 54040.142881041576 54576.161371224481 55146.819516054657 55688.683147129547 56249.484573010916 56665.383248398837 57267.514202358193 57719.149841839892 58037.416743885079 58373.146065044189 58692.333365077286 59015.20944050483 59536.448628866887 59869.804092398365 60213.511571381943 60536.9178870949 60949.509957077661 61305.48869598079 61629.333909858621 62149.909125116455 62807.240251053544 63133.347302019744 63453.218178793648 63851.803517964057 64330.852563512869 64691.051283469499 65260.758373367877 65654.749317061412 65982.09813467051 66587.246289080251 66848.337675146894 67185.882621676602 67488.560650954355 67784.392420187832 68415.864248389588 68756.677869786587 69272.961924923405 69813.825996299308 70261.68232561077 70648.678347665466 71001.179885302866 71349.40234063775 71824.452729365225 72330.32709592566 72836.629728177278 73220.99392674347 73781.288443529062 74156.680183984728 74427.018194728745 74968.047847532002 75395.069788280114 75770.50038592788 76033.089664412148 76379.987594555622 76875.218280347982 77089.417322384916 77553.423120529877 77775.346179605334 78225.019607482045 78518.913870243649 78894.201069809322 79209.639707130502 79537.743001734605 79991.015578687695","233.69071422809 228.42148499439 494.29525281516 306.02425333931 381.03999818225 486.28555431943 513.45605040883 206.78789015229 248.41806698629 332.14732541509 379.25733600102 366.4712381298 303.49643911089 461.7243359566 298.25967171803 492.45674434917 522.13190581583 541.10013786195 546.50937112574 920.74736024346 593.9995094176 525.34630917606 540.9361638575 465.73870437025 592.29858308931 514.77238289389 485.63033064565 613.46676734667 745.98344571185 944.78548914689 793.90900661849 540.58701374399 653.13408725046 573.66485645754 852.10896166158 702.79669427287 598.20932949467 896.50933471134 647.53131916816 685.28845918712 613.32068136839 1181.1127859112 1007.4584985069 815.29200547673 706.30144065614 840.93750364602 1254.9615750038 1474.4499143042 1018.4045976267 1379.7017451211 626.45022830362 760.91189859385 727.28041583556 625.32980831585 591.80346778 729.31615546827 908.397817924 644.65639203821 614.9934256052 845.04739647682 744.17251149267 632.65455600074 756.44961794483 550.97068763883 760.22782797344 493.05935306686 626.57045350116 580.11525997877 741.31658748876 553.32362674853 347.3499421022 431.27723794405 427.6522133586 251.29444618984 644.55172785931 731.66561521413 475.4554550723 533.01687500711 528.29331466018 507.96825149366 320.81315284425 500.1319416532 428.90268942117 315.05215639921 326.80507077916 294.30308006708 314.30138849449 465.49800223294 307.30382638805 279.08957900557 298.22196141142 383.84965252978 327.03841293062 319.49369495427 507.64839251861 592.36185091359 266.21538379025 282.91000855012 298.93011781429 417.01736598795 317.43827491096 410.43015687372 374.75913804984 304.17407938722 546.65525497738 245.23485294617 319.76593084215 277.02669009674 258.95720626536 607.6790835245 335.23260149451 437.20681448881 498.65353860218 417.91589679338 347.10383558237 331.56843607496 313.08161571267 401.46343966665 418.88119704877 504.45162078998 273.78373015652 530.5458066914 369.91649021858 213.69314283563 445.27686134856 413.44636276841 353.88773362985 254.81142340582 307.92471679294 446.687858248 185.8247572517 380.8434766314 219.63877756528 400.36547231918 253.81293183189 296.10553530642 298.89955210206 295.0587111899 412.03811203873"
LOAD_Variation_SCHEDULING-EFFECT-Pretio-wl-10run-Scheduling-on-QDrop-off-0-20210928-12:29:53-6384,vector,PretioWithLB.client[3].app[0],ResponseTime,,,,"297.452851013703 631.004083698725 1052.690237183514 1382.983377702418 1863.378324548094 2390.232259617569 2731.984468397667 3161.459598725357 3400.940505745837 3755.068342381586 4259.446622296637 4641.971142318201 5020.013175309882 5461.930624995263 5847.876498885949 6290.326054451845 6882.190825702258 7267.664045165021 7787.237982944504 8460.872265510137 9500.062373488295 10213.836032830832 11031.676295527764 11674.600496159088 12268.995107108648 12948.749999556347 13630.715957212368 14286.761438854909 15146.113507532903 16142.904148623315 17024.87846798176 17846.691333027439 18431.165746344472 19326.648162721968 20189.887191209904 21042.603285273218 21826.59425797838 22722.321069597576 23566.423742465285 24308.869345218437 25023.321715202597 25625.902955821642 26917.825718086762 27596.865658932727 28480.15545498054 29432.855134637778 30345.282672668093 31926.75859596503 33374.217872941027 34712.172404189679 36139.922849180111 36968.242855897114 37796.226549229577 38545.053352236014 39449.313605729711 40201.695489470124 40841.057661315974 41762.040298611775 42576.592118466387 43436.369812514761 44196.528848833684 44842.975134858367 45727.842443554264 46412.156855663156 47030.230391361761 47655.603170361488 48266.387773940386 48924.423852194409 49548.762737178772 50296.525009141536 51008.167046223375 51366.301143426423 51758.978112686427 52175.26132024927 52529.511682812594 52978.933638631164 53633.716922743379 54241.48885134908 54764.015326515113 55226.849990248592 55745.463785758873 56346.639828269407 56918.305756277034 57307.713128484015 57767.847029644988 58062.038713647884 58412.087348031296 58740.031349548387 59212.614786070323 59570.610205110362 59949.440386626186 60222.892307458201 60781.779349325734 61101.567761152709 61485.44875759688 61783.017130373681 62328.820928493475 62929.011022207788 63213.225534195682 63689.556855588831 64042.187732235977 64504.723895951256 64963.364131618782 65508.792311985172 65878.496989071664 66302.834970180664 66713.364712167166 67159.844456255443 67453.457349119151 67729.13747151146 68166.823490028015 68492.615283373168 69049.863932445658 69537.267536182574 69895.899904835344 70306.194866999377 70709.063723936059 71146.862564183567 71603.057673610188 72117.845114349994 72629.779982340591 73120.087313198653 73499.797927759615 74048.150476502249 74416.403338966446 74914.630505971292 75380.874818025401 75772.897943836053 76041.749028512797 76341.806102261875 76882.306574020585 77242.952461587839 77630.802135190238 77877.784119195222 78262.470973069588 78555.594339688508 78895.032210919863 79221.867662511452 79647.940634902761","296.4528510137 307.15872209091 248.72665740407 308.45521439334 477.33197501358 520.75361784857 314.98863353979 387.08286515019 230.41231942317 307.21458116972 494.3171376298 370.10048784291 334.92331094158 403.76388850863 367.71259590554 429.60503119699 473.85974335515 375.76642193127 432.62323005857 556.39050108215 950.51096639063 635.91453110288 753.08808792767 528.17690492855 551.39292860253 608.91336035332 660.68915996736 582.01341838495 829.85298853051 886.87294784303 750.71091367681 642.1013721253 560.77696674255 710.39870585197 820.66831509932 751.69734250472 745.26286631384 807.8418939584 746.70281368626 682.07803198949 639.46474902577 520.48492987511 1171.1962302033 645.26081081714 852.91683706506 871.34678205658 880.83898555868 1424.2640665584 1188.3631330363 1060.9817783102 1259.742978094 799.75458958183 629.21888204151 661.85146591232 793.99058960374 672.59048776441 569.10003951323 813.09202664684 663.67428056323 779.51212113286 673.93644168668 483.20147026304 793.1723394892 547.18584535982 567.96710732784 569.33828921497 580.45630882802 611.15468106104 590.1781262595 722.53410881674 641.26896737569 351.05534359822 381.40666700653 396.01067198506 333.62730373722 428.21460786926 574.71786244134 380.26765176648 487.69986369052 399.73227857784 421.53864683399 554.22343558429 495.08129212123 269.49708507178 390.18008778644 280.04741647739 298.72172418505 269.74824303828 469.79254521275 333.84030425514 369.66011588994 242.73249784 541.96482777213 313.43795799789 345.94339225144 269.06062924368 499.74905323018 394.30091667576 256.8011581385 421.16159215968 327.56222088295 322.98855130289 371.35693456376 465.42980098947 338.44939096837 385.34655426845 329.87267610869 414.28654596365 288.36762572156 244.44867035774 423.1847670515 268.53733429249 529.25605395432 462.99129459871 287.07790871327 333.68441135884 399.14926023603 405.51226750159 399.67483341294 405.22851252966 492.96388381178 477.25689256027 343.37696441843 446.7706463331 333.55200853382 474.79442165707 401.61546058858 357.03289073348 256.64614051329 267.84879428863 499.31365162081 296.51396251432 242.30035041329 214.45464540156 272.2537918668 277.0536572404 268.4826266956 309.7994597742 382.19646496602"
LOAD_Variation_SCHEDULING-EFFECT-Pretio-wl-10run-Scheduling-on-QDrop-off-0-20210928-12:29:53-6384,vector,PretioWithLB.client[8].app[0],ResponseTime,,,,"305.023316318065 727.427410762644 1046.175808880261 1513.130211971828 2111.553524201814 2471.499981243852 3262.213617693798 3810.563834272751 4480.231494430284 5070.88360117345 5682.755469358454 6208.34354427842 6819.35719570774 7283.500459999882 8097.727498447213 8970.472713339739 9412.319480633352 10209.413829455509 11093.958418967909 11730.895739201959 12559.176430587799 13284.546280460987 14131.315378555306 14782.492175028474 15545.757825363928 16392.963740559953 17136.065065971423 17866.852746512429 18656.780351437919 19515.304176262447 20259.861025655634 21084.619386803737 21504.668510243772 22411.957993879949 23447.869573070299 24123.274782555507 24909.02350599342 25997.275155251265 26710.029469056836 27543.650201318365 28597.357709480332 29700.824608728928 30806.498808502929 31760.956336117226 32720.783834450288 33712.230334753269 34747.565873999802 36050.00601173941 37418.908465469165 38204.16272376735 39656.6949787619 40694.93393797804 41540.234047561563 42802.194312724686 43542.675676148548 44170.074608207338 44866.682824172117 45789.502824167462 46889.89949460317 47914.358100509169 48792.95175457866 49400.9166171518 50327.324581064593 51642.864020978953 52328.792359080134 53407.4744312461 54319.08932414641 55157.192416090271 56094.52507832231 57045.607258826081 57870.689856704895 58502.431788669473 59433.80879913036 60269.883152058133 60891.741812742098 61621.463358152656 62282.634639405702 62637.371646994577 63135.521987140401 63496.355160646669 63929.635134670627 64427.450623195961 65052.845765191065 65628.849067691451 66324.281657602591 66895.749762198178 67257.160056907073 67830.628740194777 68330.36537611816 68831.331690400905 69291.99176159474 69771.288964185379 70466.141392670447 71077.932176944056 71757.358806487794 72466.433784020009 72927.19881493697 73422.768815067085 73900.779726831895 74418.540508264702 74978.988027792128 75421.977182772309 75825.250544924427 76260.379776622666 77025.715000192091 77736.1509080695 78379.116920171233 78881.025275852488 79371.226903738565 79908.243061584353","304.02331631806 378.5740838014 288.58909046254 430.86028005461 555.78734403298 323.49762839735 764.44220486271 541.59704607252 555.56721613631 563.79281315621 543.16362501189 436.00619097185 488.29986022966 383.32360825749 746.96759260835 738.26020335326 405.13643658865 736.92508145858 751.7223026937 537.83152625827 777.63763025676 684.78119275548 671.83292095705 603.69779578285 685.78396746777 774.7467841081 652.35599679204 715.98377075695 724.71754497196 704.56889063858 605.00071124841 761.00269634314 378.49703831612 805.48585362328 964.48646224309 649.96677674353 735.12934092906 1008.7156373573 638.21154257657 819.30278108491 1004.2248391954 1017.7835990251 949.10563511673 819.68078902734 817.93821843344 929.16807878853 880.60592950621 1242.1230509965 1256.943655938 619.84868857827 1375.402048277 995.60027032863 734.43540495189 1147.2814141726 623.16027485548 484.06454172395 632.02746370526 855.06400868735 900.96541539031 879.10835471366 772.00033041855 549.04624866136 889.47342604256 1152.1781794958 606.08990874241 903.51847904422 837.87312814019 715.97570076391 779.4054293127 815.42328914935 807.35250815868 571.958538476 790.86376274737 771.11148220323 505.31235907954 631.8929337195 529.53458288832 348.20683274447 416.29139634011 306.06719813364 393.53472990259 436.70503945889 499.35088931682 555.45393727493 612.16374647539 536.77310239502 326.56984206379 534.12504156323 435.4744613261 422.50284482116 458.01266938604 439.14693250788 657.76160960644 548.61978157514 629.5376259598 633.41041523875 381.11248946371 442.89589908283 472.10236628754 426.58608960535 513.77552627212 413.05825074573 376.11517205003 371.34975610261 692.89447571021 627.87790029272 526.05991386059 436.92701248482 430.81207810079 510.14621015546"
LOAD_Variation_SCHEDULING-EFFECT-Pretio-wl-10run-Scheduling-on-QDrop-off-0-20210928-12:29:53-6384,vector,PretioWithLB.client[9].app[0],ResponseTime,,,,"305.605348762606 746.537009335624 1030.933350100636 1421.049531453013 1891.685521674421 2355.914689974287 3047.430119970947 3413.233643284335 4216.446515074734 4767.07541409691 5314.059367914864 6051.488363826214 6668.009523271378 7141.286901150759 7998.565285273635 8636.358556223715 9331.258498001724 10090.473215959127 10837.120092029933 11721.058445864408 12516.537933467289 13188.976420521264 13917.835715773336 14605.924781356427 15178.619741460779 15934.653906283267 16790.401598740197 17355.432074990747 18374.70713207298 19231.622400350679 20005.693764462555 20865.566595046153 21414.051636991019 22185.728835551298 23071.840732819819 23965.065569503375 24718.946103692337 25612.963655925708 26286.263717304962 27089.989247070059 28130.43357597424 29092.536599616981 30371.80144611262 31451.492042878276 32558.161455718342 33410.899480150758 34417.829893386284 35419.065842516058 36804.304477305176 37922.178261833173 38989.201939866127 40397.386668345218 41312.151149163591 42350.011450519428 43302.429746494644 43861.108522794265 44758.34004598748 45517.071974669195 46536.066453008052 47794.90724130003 48765.303734412583 49486.154073149364 50493.85277673632 51691.262998602395 52430.795014661145 53540.835020873067 54489.970468410869 55271.594446292508 56085.134850957845 56899.839272876757 57788.809730616158 58477.925328396155 59337.646166339756 59991.811177035796 60688.858073652567 61278.97002675031 62067.17126986636 62466.915259593363 62916.281303439275 63270.60668371871 63637.62056800599 64194.864602076212 64787.952154615303 65206.478691174856 65851.760768284734 66454.17122515856 67099.919856882404 67477.904247201416 68181.838069835992 68721.304964561495 69153.30103458472 69745.143777663889 70426.968739781166 71076.25575376639 71757.168395299998 72379.020426156466 72829.935001461872 73424.726842865612 74058.957004988224 74565.987360131074 75008.275867217188 75460.870332878049 75946.374837504386 76601.151695520433 77143.756686478431 77973.649801303238 78472.883399375389 79005.083560263438 79690.486632276661","304.60534876261 377.15845137427 247.50355236954 373.48137642739 385.53663919448 419.81497844955 675.7845154307 314.95818172384 661.67311980048 506.05853128981 494.04796111536 691.49533845104 586.34214254381 433.2017488064 814.78790038819 595.27873370108 611.4704920677 702.8453257228 691.33510495665 820.47622063407 756.71587678303 618.3732560731 698.96309673822 631.13520595301 496.09882232407 705.16201141149 680.61809284438 478.84982339552 788.36198124074 746.7504192619 638.73528187282 694.12586900845 482.84932461601 714.63403459587 772.22957642747 745.79527443908 665.38854939689 813.3008338795 472.83896010163 769.92290832094 911.59160535797 861.24573217523 1020.5669321008 1006.6067525766 1060.5533689925 724.31243312456 789.75673506852 828.18945407389 1275.2326304639 832.67828883323 966.24169055277 1260.7532005187 778.61636091682 1021.6964054075 758.05493888978 520.74456905318 827.48823339495 705.69125273219 907.72033271613 917.17261431681 881.50557130923 677.50130764137 927.71214991151 1143.5993667628 684.76208725263 1010.1386123527 813.95079591714 697.98697502745 624.71451786037 794.8529633357 786.53193831583 623.95782837691 809.5766118312 553.0184448821 636.10040087539 512.35482470214 733.80599896638 380.36113501143 353.86514260501 289.38676441403 360.19670140892 516.79762535793 568.22371123933 370.00899497428 602.76517312568 546.73006106188 573.25999275484 338.85024980892 649.97055009059 511.82034223282 397.22665329289 557.28633946418 658.32612598839 606.70898773746 629.89901360679 547.93846695714 383.91018304189 445.40449058612 598.61010685642 465.60164697535 372.6810995518 425.28778144033 379.83804064394 533.32199176529 513.39905263845 686.8354599667 411.22913486929 525.33985812304 593.06047491409"
LOAD_Variation_SCHEDULING-EFFECT-Pretio-wl-10run-Scheduling-on-QDrop-off-0-20210928-12:29:53-6384,vector,PretioWithLB.client[6].app[0],ResponseTime,,,,"305.791194728458 748.680974950838 1086.233453873245 1519.82000920266 2082.716270977929 2423.351993061385 3120.263289418167 3700.884014653864 4406.907834383516 4827.979769576856 5319.78884571703 6055.162052024866 6703.846730861591 7115.889684890574 7893.815791883046 8418.204265737692 9097.560462177631 9651.22240001222 10369.446800051033 11126.802914072891 11904.447583771511 12790.078931981731 13628.670730465775 14292.920733666119 14929.558419999147 15621.182785028925 16538.919314002534 17203.114703343898 18131.551778063769 18993.355856381007 19723.220324525781 20451.129969681467 21258.289400354385 22029.415720792268 22584.633668072477 23643.613954795998 24248.69489137294 25018.999876958113 26134.333024519268 26929.459737093367 27705.877676083108 28780.32307313547 29959.163188499009 30856.424691941965 31999.119420742198 32926.010893920805 33867.399098457163 34830.985017308048 36326.339398389135 37453.751726014458 38207.83640253654 39668.39907504528 40715.32499857942 41583.207853857778 42830.871325246938 43423.254856704055 44023.113932607165 44941.645023696769 45833.878753225369 47037.637379086892 47943.234330546161 48906.145167096056 49585.470871652188 50442.037360871678 51786.046162860772 52436.468850495544 53572.681780525902 54495.416233673789 55514.791342522466 56394.317292947584 57176.230125883142 58005.2656040313 58887.555146043857 59536.349779861297 60308.649068746383 60805.928079829717 61477.964856152306 62263.544058427561 62596.047356882715 63127.888729129582 63423.366052286426 63927.227113214561 64429.874120338673 64987.70606360579 65588.968757251637 66314.097792852584 66847.130826698614 67295.17243408798 67895.7351578476 68458.547532889521 68833.786237226705 69311.99003291971 70050.053940009583 70631.902830269711 71210.078646012748 72083.29552348615 72674.46381375585 73278.745116251268 73833.67804278896 74370.986386793892 74858.391057868649 75416.800316310147 75822.311491512865 76257.924360076816 77018.969599953255 77729.206200824908 78299.917132397975 78864.6140884418 79353.576672780534 79911.790868658656","304.79119472846 365.58668713809 285.77919246537 372.0271534503 495.13728184648 324.34281841089 651.47415256638 552.41172766174 660.70761579885 411.40818749408 462.04424442959 692.76709754387 608.541338131 370.06715845463 748.19309665248 434.58825374154 572.89739827366 493.31524092607 702.27366824989 685.24855061809 711.2581073755 812.9001858605 801.5133336628 582.29292563311 491.47010546497 593.42657235568 828.07718401786 586.31565755253 890.6824596564 752.66189407501 619.49618900394 712.08369501077 673.45479728068 724.21787226783 460.22450231225 919.87038232048 567.53557458443 629.56256404407 971.63072399802 721.2353672074 668.3952275055 1013.7556852178 1021.1079700298 796.11000312508 1039.178148814 774.96633483004 928.20181077304 826.5895634407 1289.7347984338 986.71674488823 624.48985243826 1333.928944337 1002.6953834076 735.65004744027 1144.5035778754 498.08224806034 477.37816964873 771.15800612465 757.63389500592 1040.2815433039 776.16783117581 819.76796357047 541.5133921801 775.64375246116 1242.7471418386 588.88922939811 1023.300283232 802.91958294272 904.21140245399 707.02327336242 636.27398832719 656.22813469209 742.76819243288 629.3225551697 673.0860975795 410.05413724742 590.62570695437 753.53197436787 307.23499706839 495.06829611519 235.04578815842 433.89236956298 492.31729550689 433.51403379227 519.30725646386 672.88110179644 491.03744093585 381.71768273855 592.01394086756 478.80892385094 231.56989650255 418.38644088856 691.01385698297 523.4575417871 550.91798835623 756.3895275068 496.079617482 561.13129091822 506.17016391551 495.47533145872 442.48708069447 520.89383499003 373.58663040761 379.58731112884 708.20983349522 621.29446480392 537.01189366597 480.83524736717 485.44534169234 520.80666228509"
LOAD_Variation_SCHEDULING-EFFECT-Pretio-wl-10run-Scheduling-on-QDrop-off-0-20210928-12:29:53-6384,vector,PretioWithLB.client[7].app[0],ResponseTime,,,,"337.441002439541 745.618758886133 1090.329835261056 1551.732316104965 2140.830347199245 2535.60514153022 3309.692739157011 3961.715648373155 4445.525419601144 5052.455720758847 5616.513548962864 6159.906616402335 6797.394516275913 7277.157843971072 8020.551080698932 8624.494077812223 9323.552622330443 10048.411445570438 10707.550235558752 11662.234005910874 12482.143599266397 13218.423333090108 13969.988019900111 14625.473582769937 15191.938255989786 15768.153177920928 16633.436413443423 17241.819445555928 18040.83334821397 18918.639630235944 19689.367969423317 20455.400009568043 21251.304876616029 22078.071138289728 22786.955715904757 23711.911953541336 24496.006338698305 25424.648853487707 26216.400403113649 26943.14306777441 27819.910698205453 28939.779539341891 30054.372173942398 31124.729428241539 32207.218775088196 32934.924999349491 34216.157739933761 35261.554986410701 36452.206170981353 37770.865287177044 38351.543200282639 39656.984341765641 40708.085533298818 41496.18730494325 42695.576449046873 43442.533326543525 44055.36652312693 45056.750352051304 45885.732084818328 47006.10027577815 48019.922784364333 48861.319616377412 49566.686466284295 50599.841271346563 51728.118193087622 52597.676572198183 53754.57712421203 54718.689713761101 55737.855005924619 56633.281624522034 57475.420273727198 58146.381912938141 58918.70555042676 59696.884546224638 60531.642370654905 61172.11666747729 61783.141907100105 62412.66149355523 62775.545595166968 63239.523943631508 63599.0948118896 63993.036931881415 64665.568272512072 65113.91693395998 65698.952953342657 66357.260949900877 66933.123205322654 67388.517828417614 67904.386427582454 68416.244332394387 68832.352949377398 69349.743940373305 70105.227103914817 70737.417064034639 71491.345747649495 72181.135946069615 72713.951792425397 73187.541368869579 73730.527624990711 74194.80688183794 74764.183036670805 75271.830935925577 75613.843482741105 76122.843473257307 76674.707578485931 77405.862309791188 78063.954626823959 78532.751093526038 79097.474108935252 79697.72820354435","336.44100243954 361.80502293478 331.43761779926 403.78286799012 520.83168100852 286.23327432769 530.70671650354 563.2181946216 229.92276523266 545.63450481999 544.15935230478 416.99776440487 592.67746126159 376.92505305408 670.16179321853 562.2844728109 670.57546693656 664.56634956282 611.58378212273 838.37864826397 765.77153721676 654.69887602302 661.65569281945 582.51444858703 491.65403497785 529.68103452883 707.38336059947 557.31226198992 724.28042870718 767.97672994194 723.52910893725 723.47817463702 661.8111027125 816.54724562755 632.40718674442 674.00994972277 667.73695785563 752.45164230705 678.38994984312 628.21475997682 720.73550432042 1003.0659967458 1003.461412732 875.27364974611 889.31964832851 587.28169622061 1252.1060187023 891.73644157407 943.97778085964 1257.9312102953 449.65429238789 1165.6416012197 1006.0717752929 674.82774251134 1058.8624385331 658.44211195201 442.50088125531 849.98308591806 772.5058573782 947.00811967797 896.97956571887 697.36085314008 616.16864409122 963.96126310825 762.87245330885 770.26816075245 1024.239993187 830.99400048499 922.68680577133 808.28143601234 760.02283078176 488.79742479926 685.6683294704 681.70354603079 754.77482129586 599.26309438738 586.6636569743 493.08909071082 317.51946140071 395.37398084936 337.40210053225 368.82686786241 550.01956855665 386.8299457778 503.11908515939 569.39809160425 511.62457848357 370.09218159204 476.77404830506 409.10724158579 310.68531342762 508.31389340392 680.01607039207 619.48632876768 633.27608452837 577.0179883363 493.23777799685 424.12749628206 456.73413535869 396.03994414417 494.18261102217 488.51834577951 283.04465663432 421.42592067861 511.99744142265 585.81606077761 531.14795337262 432.43586836703 516.39786016517 476.23120419797"
LOAD_Variation_SCHEDULING-EFFECT-Pretio-wl-10run-Scheduling-on-QDrop-off-0-20210928-12:29:53-6384,vector,PretioWithLB.client[1].app[0],ResponseTime,,,,"10797.130973306894 11079.463372826239 11368.981174662265 11825.489938201527 12092.286919679097 12366.195992995483 12666.791391556958 12830.294586220332 13169.14605064285 13554.295424682606 14126.963007667161 14416.683250022781 14757.537648839271 15060.628393578224 15288.492915332047 15633.540338167695 16066.822540442923 16539.321428594652 16877.295021142191 17267.886723110396 17715.272617530001 18058.83096071754 18565.755727635947 18818.636769304256 19197.105846664183 19785.185224937034 20219.706324926024 20645.317299174447 20872.689384713045 21161.311818681574 21519.99408967915 21807.703559293974 22231.616583651587 22735.644618339823 23081.149795651346 23339.241591915821 23667.537051753739 23939.455929991384 24372.289646481675 24785.934784031874 25144.532206148685 25367.812928032745 25732.305929734688 26000.583577693983 26327.525947048442 26873.534958068112 27453.645096578638 28006.130996057023 28530.418709338531 28952.18250145582 29591.703979431134 30137.706901079244 30520.734568708041 31217.594216978121 32070.34014975006 32719.355835550485 33328.205366198811 33837.234912458045 34575.644764805836 35401.138112675545 36051.141657496817 36812.182471382352 37373.867327349529 38165.024873197751 39052.18630137889 39619.054108484236","309.13097330689 241.47490635316 206.52807402836 396.21627394796 213.39793927683 251.18396116659 241.20276319064 154.31798467853 308.90008680793 301.89156178719 506.08805559492 265.01013392779 297.44734598053 209.76043176504 205.78089964179 279.97598596069 333.02908061183 391.37824900077 328.30671989867 382.68960130702 412.88871278467 270.65021073081 474.69276488485 229.3545274491 370.09349016314 517.57794799968 408.36924408005 418.78105326535 225.4833822941 225.87507588536 338.13836810817 241.31106965756 403.10738425426 369.54911614546 309.32478138208 211.59645347299 256.40720562808 250.97454031336 403.1292042073 413.14104336761 280.39968123666 199.58512829687 349.28561049905 243.94000964897 299.46014966228 542.77558035093 556.38401528722 510.51750231843 491.47416947808 363.35402261128 565.46607039097 511.45513052991 354.29617346519 674.04928802776 809.3469201318 569.13905731401 569.49928808466 488.28420106357 678.78057821877 722.63048558511 554.35606898521 611.44068418242 510.50238080298 750.03043018672 768.69111784075 386.62687449423"
LOAD_Variation_SCHEDULING-EFFECT-Pretio-wl-10run-Scheduling-on-QDrop-off-0-20210928-12:29:53-6384,vector,PretioWithLB.client[2].app[0],ResponseTime,,,,"31384.108642584676 32312.707146219318 32924.2885731956 33347.152717208042 33914.591884195713 34578.599353416587 35400.06607744355 36199.531914476726 36821.513100950054 37377.814802063925 38284.85241896286 39236.15719644904 39647.920020069369 40103.827327785077 40419.823300741144 40673.980378286927 41352.136890828702 41600.378334927966 42149.830597822235 42558.13360519081 43109.889861898202 43575.219890857339 44169.905965013916 44652.835026542352 45097.123694411609 45454.024763485663 45684.200820332961 45807.537003975319 45973.215240753997 46232.341176086099 46476.916599416095 46789.848599301762 47119.155827359034 47510.795571230036 47686.991498999552 47974.309684626395 48375.652370689307 48539.007608363803 48880.548405744179 49116.116875496794 49444.550596825471 49800.108284390499 50033.190260209147 50264.375323566664 50420.601736039405 50631.906082500442 50846.78774397732 50976.001780264867 51084.231299865074 51403.62510851614 51679.099721040302 51777.409134357892 51938.29974849386 52222.834919793679 52300.019293978236 52432.195001250348 52630.802860059611 52740.175486064478 52827.985639061834 52977.857403489376 53203.188716644242 53326.86607333799 53441.725534841918 53533.321565602534 53884.00172373382 54109.979338431183 54345.085893755169 54482.400889202788 54639.421692941064 54944.337303980729 55100.720558407478 55302.165764246439 55566.673964810916 55652.944003339675 55927.51846378607 56078.672741349515 56192.600701982488 56363.41234392155 56657.402341194446 56775.282826425581 56991.233821419518 57235.605107551785 57378.914626496907 57505.249479880224 57586.118899768907 57736.874453166786 57922.562605462722 58060.317359129966 58225.450633887253 58328.420342397934 58530.459189613217 58614.795958022669 58693.956985026957 58890.416720905963 59051.335873771038 59240.933981758656 59362.126512919584 59438.22896014308 59578.229542693671 59789.426189909871 60006.806361576143 60165.365103092871 60347.643033757354 60523.963919301909 60619.740742464761 60729.083441085207 60955.566565692059 61121.722942386941 61227.455266315175 61540.325179922471 61629.571105373369 61895.660019178154","657.10864258468 853.12029313952 550.6535352795 334.90432052816 540.11812192043 524.92616074558 720.43810204824 703.70309661574 554.24414096181 513.17643847032 842.52027786856 875.69339714091 331.47700903709 406.79918272633 296.45467117198 153.58941377885 564.03649620271 189.3808985555 511.29193556433 340.90890321617 465.79585762534 401.14795668874 523.47509416521 415.38125783489 423.75317245355 296.18941980582 216.71669054538 82.356240951042 154.44923152776 237.06287592573 209.90029066256 280.52756092906 319.53088036503 235.98358487743 162.19899624645 271.94853165895 340.40805071388 131.64204588468 291.67699843096 202.39517833259 299.68911405279 309.83469840444 223.85319140396 201.29606577018 138.18669312783 208.56130534611 214.32423818287 113.96908930298 97.835699473257 254.95240383268 255.05141854695 72.175332273214 159.64752207051 252.10314245069 75.190161193486 122.16937794668 192.83455849525 79.308856371663 79.174003162272 139.17393526983 216.0042404605 116.54848945073 112.70258888259 89.791085186167 269.78410749359 206.24310716033 230.84203342836 131.87506011954 143.57298581923 304.54622119008 148.72605823273 200.78958291485 161.40261085066 74.717240170045 269.96734821676 147.4441582598 112.74513074191 158.2533998401 234.58361332942 108.89471859179 212.76186912575 194.84328605273 111.23659448908 105.51287626365 77.690305877482 141.11127806504 167.77545499053 135.81474949313 159.65349862567 95.210424146223 159.14173514513 52.037446484135 77.447185346822 193.73177875834 153.94478062334 177.37671709441 106.46454949084 69.371909697582 109.13966016923 164.19034622587 214.21338476175 146.19922496581 169.78077633302 173.68996579368 94.553888288896 95.194924956659 216.12120810468 165.60557497326 98.924232438102 285.6334583538 45.48190734087 243.62934826097"
