ResponseTime PretioWithLB.client[9].app[0] (#0 - Pretio_Exact_LOAD_Variation_SCHEDULING-EFFECT-Pretio-wl-10run-Scheduling-on-QDrop-off-0-20210930-17:03:46-24920),,ResponseTime PretioWithLB.client[17].app[0] (#0 - Pretio_Exact_LOAD_Variation_SCHEDULING-EFFECT-Pretio-wl-10run-Scheduling-on-QDrop-off-0-20210930-17:03:46-24920),,ResponseTime PretioWithLB.client[12].app[0] (#0 - Pretio_Exact_LOAD_Variation_SCHEDULING-EFFECT-Pretio-wl-10run-Scheduling-on-QDrop-off-0-20210930-17:03:46-24920),,ResponseTime PretioWithLB.client[4].app[0] (#0 - Pretio_Exact_LOAD_Variation_SCHEDULING-EFFECT-Pretio-wl-10run-Scheduling-on-QDrop-off-0-20210930-17:03:46-24920),,ResponseTime PretioWithLB.client[8].app[0] (#0 - Pretio_Exact_LOAD_Variation_SCHEDULING-EFFECT-Pretio-wl-10run-Scheduling-on-QDrop-off-0-20210930-17:03:46-24920),,ResponseTime PretioWithLB.client[6].app[0] (#0 - Pretio_Exact_LOAD_Variation_SCHEDULING-EFFECT-Pretio-wl-10run-Scheduling-on-QDrop-off-0-20210930-17:03:46-24920),,ResponseTime PretioWithLB.client[7].app[0] (#0 - Pretio_Exact_LOAD_Variation_SCHEDULING-EFFECT-Pretio-wl-10run-Scheduling-on-QDrop-off-0-20210930-17:03:46-24920),,ResponseTime PretioWithLB.client[0].app[0] (#0 - Pretio_Exact_LOAD_Variation_SCHEDULING-EFFECT-Pretio-wl-10run-Scheduling-on-QDrop-off-0-20210930-17:03:46-24920),,ResponseTime PretioWithLB.client[1].app[0] (#0 - Pretio_Exact_LOAD_Variation_SCHEDULING-EFFECT-Pretio-wl-10run-Scheduling-on-QDrop-off-0-20210930-17:03:46-24920),,ResponseTime PretioWithLB.client[3].app[0] (#0 - Pretio_Exact_LOAD_Variation_SCHEDULING-EFFECT-Pretio-wl-10run-Scheduling-on-QDrop-off-0-20210930-17:03:46-24920),,ResponseTime PretioWithLB.client[18].app[0] (#0 - Pretio_Exact_LOAD_Variation_SCHEDULING-EFFECT-Pretio-wl-10run-Scheduling-on-QDrop-off-0-20210930-17:03:46-24920),,ResponseTime PretioWithLB.client[15].app[0] (#0 - Pretio_Exact_LOAD_Variation_SCHEDULING-EFFECT-Pretio-wl-10run-Scheduling-on-QDrop-off-0-20210930-17:03:46-24920),,ResponseTime PretioWithLB.client[14].app[0] (#0 - Pretio_Exact_LOAD_Variation_SCHEDULING-EFFECT-Pretio-wl-10run-Scheduling-on-QDrop-off-0-20210930-17:03:46-24920),,ResponseTime PretioWithLB.client[11].app[0] (#0 - Pretio_Exact_LOAD_Variation_SCHEDULING-EFFECT-Pretio-wl-10run-Scheduling-on-QDrop-off-0-20210930-17:03:46-24920),,ResponseTime PretioWithLB.client[2].app[0] (#0 - Pretio_Exact_LOAD_Variation_SCHEDULING-EFFECT-Pretio-wl-10run-Scheduling-on-QDrop-off-0-20210930-17:03:46-24920),,ResponseTime PretioWithLB.client[13].app[0] (#0 - Pretio_Exact_LOAD_Variation_SCHEDULING-EFFECT-Pretio-wl-10run-Scheduling-on-QDrop-off-0-20210930-17:03:46-24920),
1126.095697961545,52.0956979615449994,2203.933455279642,45.93345527964198975,2237.400230225528,124.4002302255299805,4618.237716324467,148.2377163244699995,5987.786747548307,90.78674754830700485,7206.228942028608,36.22894202860800295,8083.725435457874,145.7254354578699913,9013.905041569169,117.9050415691699808,9187.341944905036,142.3419449050400083,9728.408774322566,37.4087743225660033,11711.531505050974,330.5315050509699392,11943.884224510082,233.884224510080002,12095.718757900015,80.71875790001499215,12582.764278401366,92.7642784013659988,13130.566929233743,420.5669292337399827,14811.795358607535,132.7953586075399806
1170.447833166517,33.9047434798549999,2284.779212416424,61.4165839819079904,2269.832684616387,22.52333383956399602,4694.964051458782,49.12111987736899705,6112.594398593133,84.26524462043698785,7268.009739104509,32.18064234190799755,8205.204735052984,119.9197251432699995,9361.528571152175,211.3174442477300085,9379.977488539995,174.2367344854100103,10005.242695460002,151.9083937270700056,12007.077184819332,251.4226009153899775,12145.715871718822,159.354597492139987,12312.203563398691,138.2985228497699945,12738.714702624597,134.8210570868299665,13399.109708469176,196.3981333610499853,15116.48340175938,227.8613502706099883
1295.283006292964,56.49436289620099655,2322.254742366318,33.38674960969198917,2298.437313972144,6.609935657408000125,4832.113354879686,44.99386062468398952,6446.091618587895,253.1395690328699847,7309.521661435682,37.6116529093669952,8344.995895833988,136.5327401401199831,9541.653688666702,140.6935514387499775,9492.781477541999,95.7102819935080044,10117.450288274273,99.2019893700849873,12302.963941483518,213.9053960599599682,12585.844965775129,268.2242874856099197,12490.916242621133,97.0079232225459972,12874.766568387148,95.4159917787669937,13654.600516622116,156.9790103157399693,15383.341203168929,122.8082065268399955
1417.679066577088,83.679920051713992,2364.965523797702,39.76056682314299437,2450.909541623791,146.6212624363799926,4923.688977284564,84.0283333295319889,6547.785805545354,96.9514754818799813,7462.984174800175,153.0338680840100091,8687.214121115737,284.6576679084099612,10098.831024318688,491.9272766611799145,9635.436053296665,104.6867553930700009,10232.038680052846,106.7430700941699794,12484.387116400616,105.6547039041799958,12794.470804401962,181.410739481380005,12621.875838701052,93.5344789487739941,12967.72762176826,7.742540239594999785,14128.386784960321,450.3745730867199177,15650.08741660834,202.2521976709099925
1497.397367698087,66.19902846930500555,2430.39698985958,62.474820335491003,2520.300566331074,64.6873791979340066,4972.524071608841,48.2567862784510024,6956.034816043102,342.1527786543399532,7536.123536929076,51.4150338714719906,8868.627835037918,163.2871222461499762,10239.996106681129,109.4465471351599883,9771.753401231211,91.9643240621579988,10333.924307342473,52.3649490842459924,13043.832801392696,502.8052530971199285,13127.509344873364,274.6885236397599775,12792.697940220644,96.2741274970209981,13038.264530577899,65.1442801993959788,14364.752357704215,148.0040141770799658,15993.070841593742,218.4045215892400041
1584.274238846585,70.624153725601985,2504.08669561269,71.71522699711698555,2644.013726198363,71.79149606130900425,5144.284071626643,111.136148929119997,7150.431966378408,175.2082993912999877,7589.151144355163,34.95225805102499792,9004.65740110521,129.5597088881800113,10362.547758842054,91.07930257362400505,9959.890050392078,111.15245892243999,10449.945451432216,104.1723973122900016,13230.226708245014,177.4931236952699571,13562.778397035487,364.7770425619700045,12960.413290431654,83.7168968036179988,13256.601370180036,202.181413387369957,14663.161287694613,244.1756266335099775,16200.80504979319,146.9175493633699712
1633.874950592062,18.88337172236099797,2606.796626894572,95.9587890679289895,2693.225347172167,41.99240333958799437,5305.449087872342,105.6942485534399903,7362.202468033967,129.0729206673499898,7648.651578410448,38.33980373635399975,9229.138492425412,176.7701373933699635,10637.475537073529,222.3244515248300096,10093.041918419267,44.50146874090700052,10485.688974134257,28.51392550134899992,13534.588657965018,270.0683085154099662,13767.380390487557,126.2874224075099785,13085.144644487659,69.14193761814698265,13468.252839517942,51.6063227974709944,14905.536330654149,135.5844424222099742,16546.193047837113,255.9323700817199657
1714.203081820952,58.7113369692829959,2694.979494614038,87.1727838757779803,2786.589473138102,84.0354677971079976,5383.578182190858,68.52620307052598015,7502.807913998144,78.8774133678659835,7727.164811955465,71.41946555758400435,9486.041724609134,179.6067020154799815,10899.466424899168,238.4378694954999662,10277.180337519132,109.5809668215999859,10546.538653062844,39.75406521121199425,13645.604473432811,57.24521463894699,14042.123287361111,166.4788047556299937,13327.276638927172,217.0788311642999695,13610.18235645776,101.4055974521799891,15588.615672083109,430.1480802656999445,16833.675193418594,232.0673986273199592
1815.09437615218,98.5265046686439798,2728.283133226309,23.28743698928499827,2798.948730692751,11.12921947695799926,5510.641645979748,86.7590273223409835,7676.283847211586,96.8404223480989966,7768.591174729529,30.22118446045099902,9683.413484844418,178.9905204930099665,11130.449452553878,176.2459072685699645,10465.76859581106,117.0767470004699926,10722.957282433915,145.6549064956499813,13808.985181666479,110.6884895559300044,14269.786446718604,142.9102291150300056,13549.949484918251,177.442983041479976,13733.322523836107,92.5718944003129986,15934.587333941433,305.8934904582299612,17073.611050383407,109.6051612230099859
1878.601109210265,61.1004774444389934,2823.426194833953,89.44899526323300135,2855.082540813939,44.67784338863999937,5620.441948475964,103.086434154019997,7841.229378160874,125.0551660707500043,7934.189609856051,164.9693061144699862,9852.299146176011,115.0693755793799934,11250.6499908152,82.7119964236320013,10660.689174220854,136.8526618222899737,10761.444844912025,4.562518019692999952,14104.968432009886,248.8921281716100102,14587.670309290109,216.176081232910007,13746.316929860391,176.744526369369964,13826.78587479524,91.49753057020598105,16294.092121508115,252.3991742834199945,17327.614823612123,190.2812792654399907
1949.517991103914,40.43259084776200025,2897.337837505164,67.48700939258998205,2862.412896602848,5.927352243264,5730.498047077021,43.70012964531399275,7958.2345413404,112.2347532898299956,8005.856069853555,64.6521990133499853,10179.985936237871,276.7515102799000025,11387.425485990264,108.2785399449599875,10775.919962745772,94.7124681103250051,10852.109478727735,56.28506289498299945,14450.95762825458,323.7561344415399832,14908.076847813287,243.5245629285499822,13811.282103430867,35.84784308277599492,13866.612179184031,33.34965803579599695,16901.774678173521,468.0429142416600125,17531.68308226959,152.3149157267699813
2014.472461339483,60.3160457918230006,3013.375420620011,109.9553658542299951,2906.752546105036,33.84107422092499445,5873.740548110713,115.2229008649899806,8166.865978285389,155.3824675914099765,8070.5360977053,44.9396458622370004,10355.152599429693,118.530013609259981,11573.634589031701,118.3246084453199951,10894.369632931257,65.24873240723499605,10971.128764176785,105.2780360291399968,14686.216666139069,210.9643374503899613,15459.463678566409,296.7794220996099727,14013.563610042373,184.1688646290699575,14051.33838722305,155.2200618416499645,17452.499018150582,403.9212983500399317,17823.772376798064,133.3011030642699662
2166.032327203828,86.97813597587099785,3084.73304767018,29.8924857994209957,3025.86246236089,112.6608404141800001,5990.558810729655,88.351602479511001,8296.264133263629,85.19395872933998225,8117.782766073879,45.83002920234299875,10577.385453010042,167.4307164927699878,11776.909713553062,149.9415759716100063,11169.568059214364,252.51858485560001,11061.687611871813,28.20622610309199972,14900.260913270704,153.3674613002600035,15936.767088308357,347.7523478910699155,14274.182621701918,229.9651120554999572,14096.523058215431,36.75543780457699925,17812.286379549798,239.8871242670300025,18027.938100084558,114.2689983892499863
2251.947720496984,31.7078096060239999,3155.002537101814,67.30062852373598025,3049.7376883173,22.06226898151999893,6321.931185458703,292.094969274209915,8620.849356901603,304.6196180784700107,8169.861202796907,49.7305771565159913,10713.839052579954,79.7532891457509831,11977.411269690923,132.6288780147199868,11256.687829419031,51.23912150254800205,11155.700909625622,87.9267940983419858,15366.938931079288,409.851275471530015,16830.136077153718,737.2984649572299505,14470.451602170276,145.8009596664899726,14160.221420056587,50.67898224471299765,18090.076711461262,212.6294307464600018,18356.060199122837,221.9662415633799803
2328.181056691447,53.7662153928899895,3193.913552352538,32.00936060676799845,3097.456885234497,19.2801995709940001,6449.074329223084,65.60315066007700555,8894.630400047124,266.081417879389959,8205.153133839823,29.02867023356699845,10854.951755165478,112.1683312425699906,12477.890401132232,453.9849823325599782,11433.091347645276,156.5506970766400053,11214.479888943089,23.87922749457300135,15921.098061187645,534.209061541459958,17158.736310867884,255.1413290860799627,14704.343345119571,198.627576808899959,14285.029497268613,116.5483626095399922,18631.816947290511,427.4047929716899705,18554.066865137624,143.8965202460299787
2366.282968109216,26.38749038341299515,3305.209063283828,110.2829683097599792,3200.800837396864,75.56915097945699215,6613.287299665792,135.7601714473599937,9113.309444137922,140.7908475062599787,8224.843183180273,19.137962263656,11012.551650145045,145.0518952264699801,12688.741810416944,114.383545771219985,11746.073734712031,208.1685473779999702,11322.020958137407,54.6696088677889944,16131.408970871381,160.7203802806000106,17453.907326849838,150.9065688753299803,15028.291540928342,220.774111735289977,14461.439659582086,167.2998746655200075,18958.315739233474,258.9977174928599187,18961.550836435037,363.5640519461099962
2518.332168552158,134.2465983089500122,3347.172719598062,27.65170564651700135,3299.836465299617,29.6788216110869952,6890.528694194616,220.5267264060399828,9352.064666015622,179.4302338088099863,8297.765792658292,39.43665603816899067,11138.367426518164,85.40203918463998875,12963.401973468491,228.1596532230599895,12069.837722042582,252.0743804487199775,11408.658734490135,82.3081912241320023,16566.010320915352,375.260070432349947,17816.72676491014,241.845068200779962,15434.559561140023,321.266746959699957,14559.727558710435,85.705747362262002,19276.926878136412,264.5084602969699285,19438.577924651087,342.8116744222099887
2581.133089430797,59.70396286055999705,3429.724230394359,62.4676988947690004,3433.316132449911,127.2262155202699882,6988.404875478703,57.9507356282459936,9502.33058245905,139.1073900622799892,8335.514136770888,35.83374702962200315,11214.511803302147,70.8166700330679928,13443.084014671838,373.634869807959943,12402.674574975541,294.593827952919922,11473.581922917448,59.399072711559995,17053.399197046485,442.3720142552199362,18138.015836153222,253.7180177741599882,15564.145544379375,118.2633837254300028,14665.238446666399,70.91596532907300315,19670.125619764598,319.709345579929958,19858.32787753744,359.8534374252100165
2590.331537778514,7.07411655021499893,3484.125752705204,52.48385563454900175,3629.537837139227,189.5938104304099731,7237.736096217107,150.8965711490099571,9806.578593046579,219.0950307705699621,8462.211558566759,110.837539361589989,11444.401684448235,198.5028617032299956,13658.31765703699,144.6675870196899603,12770.560848262236,328.030449610729987,11564.037796176962,83.3443189193479835,17387.673930546576,278.0882420545899535,18501.694298574249,299.8637473816199862,15692.8180272535,112.7521169557900005,14869.863259009429,115.4265034427299947,20176.625466873178,302.6516231151999805,20402.397236209857,408.8403805783899532
2678.397127326578,56.503475766102994,3551.311448701196,65.02524419825698465,3782.119036059526,133.0890684641099706,7454.224012396791,147.7546601753999762,10136.919075776259,218.8866840297000058,8497.470184969273,19.22141667166899727,11831.982013605427,216.4993026791099731,14130.4478452933,422.633938973550015,13046.845285409312,164.8163963774699706,11751.139474522099,74.9375053285079955,17954.125803426398,471.8211160903699675,19093.200622016351,477.9920344378499505,15879.076404362454,162.9120789285699965,14901.826467942925,18.52684210811499803,20443.266979891209,147.8725909022999751,21088.045446358615,612.1554356371898375
2749.419363017534,53.6217776985499908,3626.087642504542,72.9095094465489804,3931.402769760851,104.9796263694800015,7585.345810646483,90.53604597475498355,10349.062660391433,149.7378719339399702,8523.592912845547,11.23335959567199888,12095.62398903927,204.8041627408300078,14384.59764978696,159.3129718702199957,13350.541997682158,267.138728574080004,12046.31796135729,227.8129551520099757,18397.863153909145,389.0994931807999805,19420.524808769098,152.1715155606999581,16040.447078123179,153.3101578517799902,14972.584987945459,51.04391690033199305,20763.186535045507,247.7900342308399777,21470.511391720462,292.1542038598499845
2788.452888263345,37.5802764757509918,3662.661448467105,20.92985485796899775,4061.0434215285,84.87624899764600135,7812.49924783643,170.0858672247699695,10605.436187346201,224.8895013318099806,8578.439084512893,51.21198823746600205,12389.090089985327,212.845581350590009,14731.044375594535,223.2126070107299815,13563.459907698658,172.3817171005200058,12389.502836642548,303.0160839502799477,18623.836891276253,147.4568917120399756,19856.667673386673,351.6065311338999195,16224.445579544644,149.4483323007900133,15108.770820651875,126.959595022919984,21147.243803506244,248.7390646599100127,21714.428806512034,148.6694578192099806
2890.098904263128,17.11982762031900047,3675.784629122918,12.01863645814099962,4149.181688680923,69.61922522588599775,7898.500808886503,52.93717904370099325,10969.340289339107,323.3041810338399942,8647.254769926251,67.3636182445559936,12662.465841832983,220.9673888031799713,15269.774423888888,467.586510058430006,13685.768956887775,84.44094081282500465,12702.979346476966,223.5095718993799768,18895.358436090895,200.673742477230007,20162.912588714652,249.5555703106699627,16545.766759093173,298.4693648990199777,15274.766481831188,76.47899260067200065,21477.219943722453,289.2159261700800232,21931.243416045308,201.4763338425699988
2942.300348020876,31.84582274243899732,3757.093211045189,28.96745839585899765,4215.156680944538,41.56577629760099045,8163.929539185164,167.0088971479399895,11194.641947748943,107.3561430453199814,8705.415362027402,56.8083123869929947,13044.84237113508,303.910937576159994,15685.306844564881,121.4814594220599981,14050.096895028373,320.8225085493900212,12888.448772998405,137.7382837314800095,19422.945859820837,420.839497460100004,20429.506125057194,158.4250993211499571,16784.169503223923,212.775132612389995,15412.423214170507,136.3863668469899718,21738.24830378013,178.7450534137399806,22335.690497658217,288.6260072047699612
3070.487739035884,33.79323158529000165,3800.264190284154,22.34436952715899585,4257.941663421669,40.36521858725099305,8291.545821874269,80.5636072469529834,11317.349459758337,81.2074962984069938,8788.671625592654,81.40618817440298435,13258.640922275596,198.6960199396299907,16159.330391715463,368.646727823729974,14150.985033645587,87.80235883317999385,13039.0623056499,121.6988637963000026,19673.07910925592,229.739824942739971,20759.430351232983,274.586103096429951,17134.759605163489,294.23418155070999,15509.138273602367,83.6821920245309909,22037.092743496133,186.4741672806999863,22651.118639625548,142.9653837299699712
3149.125276444974,52.2596716600779983,3867.195206492663,65.4508562779149938,4296.428120973961,37.27384496770500255,8465.568232094487,151.693159797870009,11479.683576822342,94.5539922232999853,8833.123492928036,32.91055364981399112,13500.618654890752,196.9925657021499878,16685.567835551087,453.5423460067399882,14518.444431515586,263.1842823691899857,13133.896296669114,61.0514477246830009,20086.647926528618,298.3438930509299767,21187.720884060022,308.6335718278299952,17359.562898114166,205.83227172416997,15579.285134875576,57.11853642892400255,22490.926107188158,268.254874526709954,22999.292989422616,169.3808783198500116
3251.508644780481,81.7049116155729959,4018.320990248584,92.9136180740649988,4369.478088055707,70.343417143739998,8675.460991003211,184.0842002046400116,11812.305152031726,246.7994511976899607,8915.519419159031,32.34895485605500187,13621.899066130147,88.3191306290239876,17201.716681750479,337.3201215538799705,14727.554648827181,176.8022468822499597,13326.519344468557,142.5721931728099883,20456.494983246029,239.784117507679979,21556.493572170163,217.4482091826599791,17597.381198146799,188.4337164642299733,15630.477221356573,47.48476214438099405,22799.643606353756,236.253395230179989,23472.613485366565,350.5805710640499902
3294.223359046039,39.04460139314899415,4145.581885141053,123.4571111548999903,4438.290145248437,61.53521261928300105,8891.81272832267,118.8501910971199887,11981.927543595058,135.2113365291700113,8922.129289699174,5.01644050536000028,13786.026969959369,128.1151992061199957,17467.561301601023,152.0305667914199708,14923.205310705571,126.7801051391899985,13547.170704958982,176.5217777486099627,20780.670325826847,302.0064082708800002,21813.881065080688,194.3398700788899866,17716.629592351066,101.9418423718900039,15778.045842323574,87.54154705128098575,23226.869677994003,282.0893664054499355,23701.267656450063,164.6422815609299727
3494.828032330761,172.4258913289099828,4228.168295717944,72.2612418912519839,4476.784438866452,34.44284176547400007,9069.384505501765,124.9495608714399845,12315.814462581386,279.3333115387599707,8957.840740837819,31.2625772115849968,13958.128741183768,144.5983651953000043,17890.481776754537,290.6357488901899142,15443.456764139777,474.4905470535300065,13751.596957013723,137.4124146780499695,21106.213510443163,213.9453430645899621,22197.225628412598,266.5897700364999982,17943.770167506205,183.8997934406500001,15941.216922173451,122.4516466176499985,23585.293850409412,212.5600923864299706,23918.371264924543,186.492124137679979
3536.076383278908,32.878117682211993,4296.175881437973,63.2866467085219993,4679.91172638761,186.2670516585000078,9362.870317508001,190.8142905592499678,12581.327541872026,185.1194065923500027,9040.067144379868,72.12565689446498105,14102.669810087391,131.4114084197199753,18428.088297205186,397.6165944269299627,15858.788697152688,377.0331170946699315,13819.023381353652,43.01824938724399755,21513.33039672723,313.9908537802599532,22534.900006219534,212.3067642072300025,18200.675062955941,232.6757245204399842,16167.046686949695,166.1174251002800015,24140.590682138868,485.6597218528600005,24225.503851560513,186.4278386509799926
3604.652690087107,47.4390414042149897,4404.867834180966,88.49329039597100155,4705.127953606651,14.4853564865499997,9583.211515450015,180.0601832427099672,12982.805818250915,370.1946662401099942,9168.931363611656,112.9180484222799801,14386.322417646737,259.3418216342099632,18882.634739123212,334.0309199213800175,16026.156389777811,104.3660772939099953,13992.155216480651,151.2086913420799868,21705.802410510356,139.7076084056499775,23217.93559131549,575.3266825975099415,18411.758615613871,138.042782407780009,16277.01712949203,91.54531395588199375,24592.052730490791,298.7196472920300027,24576.548417153877,257.202995038999915
3822.469513221592,190.9839350357299843,4438.914020753431,16.42771794616700015,4795.90055127546,84.96346374838299175,9915.060886169574,284.9238610064899135,13302.227007008341,203.5909919055799827,9215.245656868398,41.60535518562299717,14566.83757543835,92.17581734289200285,19187.076675496893,196.3041270507999902,16276.184852815192,131.6796948090599806,14216.585498289886,176.6031050251299908,21914.805345420648,185.1978115057999608,23644.164435218014,324.167952771420004,18656.138636222535,139.7692352716499608,16421.021229388458,129.7752178154499911,25039.805379511372,298.3376551005699175,24836.281051364439,188.7310925363499901
3896.675524063021,72.4150496168360006,4477.190092549495,23.6428513852699992,4850.883709067387,53.0533117158589958,10116.179660991916,179.1246115460700133,13666.381706078164,291.7988563907099417,9404.033117321535,120.4455525107200055,14804.303462870609,137.8409185242799703,19544.798490530533,228.618672142289994,16551.3727369852,117.261609250169982,14397.396903695174,123.3253112848499878,22308.398162979024,288.755406218339998,24050.084576454652,289.6085924311699942,18726.658032721762,54.5448152021949963,16515.281605029592,77.56368054314299315,25575.266579214797,368.1408796264900037,24974.884065500706,122.2142327060499833
3984.793674517941,59.42016113595899155,4618.587617545787,102.5671932586199938,4877.533326977368,22.97236038513999988,10234.583678981431,98.3383276120989929,13921.592853876203,167.0415403308699628,9417.233414493011,12.72647974668199916,15004.716012347799,119.4217993164400008,20089.323362672978,395.923642142259949,16936.377976598759,326.1341260704899687,14524.363809787892,63.43534716045999715,22641.742088633521,181.9064638157199731,24425.188480926267,302.7251236559400225,18871.036009370646,118.8199003741299858,16644.15489575317,70.6378991418650058,26213.14115751626,526.8505376781299655,25382.454499420827,338.5233657796300112
4031.813501718341,42.9039923455389952,4816.332073634422,161.6127568393699782,4966.763506293898,71.8001107812920051,10325.996778423561,85.7356423894150051,14207.063624914779,173.9845270156999952,9451.848028350482,30.18811719909799495,15490.928622263777,375.142088700919997,20381.838937699858,192.97152913924998,17107.254070857606,119.1139046584499961,14795.412265707525,186.2301689411299882,22995.013002367287,225.8977238229999777,24855.741114546571,322.208317817999954,18971.638763022665,67.1724199490539886,16766.507477605836,72.7087687672519959,26604.207324699088,206.9166208976399726,25755.210425697541,270.50425962660995
4114.817437930534,74.71090654761300665,4884.198395842084,50.8437724328990013,5024.369304302107,52.34382862089599065,10571.21190610715,204.6117207859799688,14403.582681086499,146.4203527385399745,9517.004315570634,37.12584428667999237,15946.327126082936,307.0724750070700102,20676.57570057882,214.1761760962500027,17341.207669252063,186.0576618396099768,14987.688618136297,122.0466959044200048,23464.146755529216,386.2881317671799467,25316.384627476067,290.987092198869958,19308.057584289031,257.6220688826999767,16887.529208484065,61.0674201879510006,26907.38219212356,251.366909192739967,26092.866056035374,205.8072464711999595
4201.942788191822,72.80070820569000005,4924.978405666009,37.43003997676699142,5087.310419101733,26.93794950721199647,10959.400818694158,315.309293119539915,14766.86924284145,234.0844936128199827,9571.033751510159,33.17773173616799892,16199.628963899103,204.7897432162299645,21020.719773812998,238.3512106980999752,17735.072816151744,350.3042198322299315,15169.816632276055,143.9155857065999831,24000.065664202983,482.759249661299917,25608.283382428572,170.6192277529299866,19530.634692457487,188.0433639294599847,17046.853335698581,114.5089268911799816,27314.250285670908,275.057284460609934,26431.016000171301,218.9682512458099945
4252.791299840208,32.2680828968399992,5098.194592237751,146.5590288125899856,5217.883005270999,73.9647598705639948,11229.854239389543,192.6061564721300093,15152.217749466172,345.1374122867099445,9587.369569463181,12.82288054955600026,16502.80667516828,219.8974428034599663,21436.21951364543,285.94001170341994,17935.083785278077,164.7740273238599678,15429.360166206262,212.9536960293600026,24284.326320302097,219.9713321646700018,25911.269322437837,136.4435115648900016,19605.874096150493,31.0969810760240007,17156.23710787513,76.7118250777319869,27745.840354630691,326.375630540699943,26721.65587252842,176.9959990954799871
4310.765035539971,55.80182970286099905,5295.614881906846,110.8645291229200037,5267.527260733122,30.59870507719399755,11383.831031706201,129.4807902205099591,15586.278378457796,410.4477782578999252,9653.887866313127,64.74928320000299185,16959.632418842121,368.7057652141099865,21668.036959195647,149.0658738054700047,18335.376781472571,329.6561354218799792,15571.510341855859,125.1482144529699946,24644.128795185923,312.537761303049932,26347.222406900832,240.0590152454099657,19795.953888864536,173.3829978041499652,17243.292567383678,30.86673232176899962,28174.992369322139,354.3793194801900182,26938.802452674882,139.9612664646699608
4353.638864232352,40.36408353994299587,5337.209270872223,29.5068280241739983,5399.980117372749,130.8838442049299708,11558.724888784595,104.403845852610004,15807.382964596876,203.5820293247799658,9683.199247904312,28.07105976229199472,17125.161578489009,117.5149933879399947,21972.558992963627,191.8495964650099945,18574.252360724107,180.4056618251399858,15711.478844236335,118.3482930339099818,24818.544230018318,148.4037165746299815,26733.298602335828,241.1320060463099812,20136.657734403022,283.6229023994100077,17391.255983901535,82.9408023363399988,28667.276008073449,342.1131222882900137,27236.34211126068,251.2364439515000065
4427.57444784531,71.20445681832899235,5537.757645683717,190.7790805275399741,5496.269058586508,94.3301695813530041,11766.570998787585,160.6040836637999968,16248.182375312565,249.8875457548999737,9760.314309500495,74.32290657034297935,17374.50949740102,170.4356017540299597,22444.987210310832,338.1580439202799642,18792.365343089157,168.9475699937599977,16005.569227155969,244.3121030848099612,24948.092771347305,101.760635262569991,27183.133862620403,283.8280665459799355,20380.813226424061,185.4151946642899696,17512.571002217354,68.3788316751540034,28970.509033836331,265.289835675549965,27629.578535172099,206.0713538704899853
4450.523503455895,17.11506216689699751,5758.459563249645,173.3979772406399882,5557.476978919405,54.6718974077350024,12188.649449108331,357.5843627875899515,16723.81254294914,342.231560067879967,9877.939732781142,112.4737107712799964,17767.952256829646,378.6115270339599857,23101.476498745502,572.3976764285398515,19127.727133052011,238.2727986645199952,16209.655432199848,160.7268985647099833,25183.587416150332,147.3541667074499621,28040.883785011657,743.096010982649883,20548.577373234285,125.894197374740002,17644.915233202784,78.0406877117430039,29493.41528699348,391.058437554860005,28007.670169249551,341.6146131697499855
4471.615571947328,16.63609547797599926,5879.730065203669,75.14046973294099955,5584.829977907388,22.57236399275900132,12572.224399429584,226.1385818897200001,17079.887775644532,210.570799053689995,10013.11268744044,128.5568893119399826,17969.509222836359,169.2878755054300078,23481.18232941724,255.1464969966199862,19518.299752538077,136.5697505569299887,16339.997980746756,99.1912861271499931,25521.923831898207,264.635404036370004,28709.594896658897,530.7808113829998985,20868.282852570028,228.0519973491699932,17824.215488536316,166.7873677332499932,29945.318998713914,380.4334536649499782,28476.773438015663,376.1350496272999617
4534.410518237051,49.90937814946700235,6012.405800322936,106.6599449009899838,5658.154383860752,64.099912189767991,12728.525855553613,128.2178837802100016,17477.639538202891,257.7390125475400275,10109.5227475067,77.34655065311298435,18261.969451512244,248.047689871290003,23921.166945504869,337.1818668808799642,19899.03292545896,233.1677974036599597,16544.653757625322,141.9070044701400087,25892.807686276296,196.6344545528299926,29305.066851099229,421.562252958379985,21038.404839691458,116.0943990730600031,17895.790857426525,63.6808055415189924,30311.56167909314,281.3336566402199415,28822.612954216887,266.3737429579499565
4556.526742520569,15.04198735498300003,6189.631583793304,153.5514487190999937,5756.530234042985,87.60726180442699685,13064.92107256953,264.5081597981899212,18189.773620455141,588.752984414810041,10129.205697310233,9.93749884680499914,18591.906189641812,245.687081668529969,24245.35941880778,269.7349126094500195,20755.654308958807,757.512521361240031,16750.031040011032,187.2142213905700025,26226.703511071276,266.777118064340015,30031.207797766007,638.112239367259915,21142.54065682584,76.24607838375399605,18029.35476120758,123.3191519017499895,30924.474240267517,508.784958510579938,29052.286067684137,191.6470605142999938
4579.838314735213,22.30809662325899712,6419.034745534606,174.9859183738099652,5790.226690990203,29.73788078470099792,13616.715440467233,458.1616118168999475,18889.669117889424,561.1484364962200275,10189.942339460931,59.25147720969898985,18838.13000113878,167.2962291657099735,24730.593567538699,304.853501571269929,21418.886132854659,525.701433020529974,17016.815933284972,225.7965460374799696,26547.550362717018,221.2863848436099938,30552.943278572569,424.3625120240599227,21208.35381165654,33.52798831849699455,18070.307681134132,39.23725161003399352,31304.949252809942,342.6601025744799915,29282.728970121852,185.3695806468500097
4621.452436100664,20.7822593933959964,6507.51443682712,61.2170930453339961,5819.518209098058,14.700159366607,13917.268944069306,256.4578782739299632,19243.941947407434,252.9488504857999932,10282.706162335747,90.03146842501899955,19252.648232747246,318.862812062269994,25456.52048757427,592.7173809777698325,21736.712080426481,209.6412967674999657,17116.006209882011,60.641478260887993,26805.399553787164,201.0816465405499676,30930.461351517193,271.2939173790599612,21319.658340664869,81.8725169212149804,18209.196119429988,120.1504444247499913,31880.145153314214,534.3746524659900375,29460.87064235688,127.0399535662599812
4645.119713704081,21.86949678694899991,6779.280368749201,217.5683810997999777,5882.593422431793,36.36563179692399202,14130.428314725728,112.4031673287900046,19503.096492592879,185.3182771136699777,10320.653117880654,31.44218551906899952,19602.249246174105,177.8072865333699606,25781.489165653045,220.79234643702,22142.013938325442,286.805191389329933,17242.629091065441,102.8693117015899926,26989.438526379034,135.2893756954699707,31327.971470938886,358.1659620084699315,21455.961261576755,114.4436737062399908,18370.311542902433,129.7262430735900121,32261.306848298853,342.314117738229924,29647.55301174546,134.2592675133599863
4793.540625544145,146.3068230371499675,6938.092902449877,52.1202851250969983,5931.421962574785,47.0949971715149898,14378.437124112486,156.0782796118299977,19906.038226623394,354.8305818883000017,10458.746611386491,100.4122011557699917,19936.742611687565,255.0655618643600057,26141.52831343153,311.234766208329915,22523.217661173698,283.917915858309924,17433.702874544651,146.6572740412800038,27269.542476716573,180.9857391180399863,31699.945588071273,320.2482827502100225,21587.978529033325,58.13416270895899605,18562.307852204972,154.1244945797599821,32557.165708192304,216.7213483676999877,29948.14300420481,213.9934209598599741
4838.584183387257,43.86586888081899342,7122.531314250344,147.6442161166600035,6107.184084427934,61.205704141719991,14696.773943927333,217.6512136680399853,20203.146884156591,202.4870506288999641,10633.699350189659,153.7096154898200093,20467.575338831329,356.9128984522899357,26530.626044812483,329.2645179150899807,22982.83306868716,402.457519760989952,17613.668465275336,120.4850146793600057,27712.199564535991,262.8352886675099845,32154.573895019996,385.8418005590199282,21906.307392296554,302.7234113527699705,18637.569202290303,69.0082158582210068,,,30274.05931616524,178.1388069934499747
4946.796532507636,104.6011116964099865,7462.613223449461,270.2377501060299202,6224.817934658027,37.56186615320399352,15026.070320232231,226.5547135560199753,20476.423552964524,146.9818079557500135,10763.033603059071,118.5288633743199962,20815.061296909725,335.339929465799968,26754.898486622393,155.115827395349981,23214.257674355052,148.255866885079967,17896.512859707252,279.107433487039997,28121.983323959656,315.3311395320399687,32487.796659654191,212.4747671820799715,22059.176335756531,124.1402016450099945,18771.508889752046,70.39501468255798475,,,30629.369234112011,312.6890573980299437
5022.328467336398,56.3215600751990022,7813.984027687925,313.200938404669954,6317.310741635798,77.7889972420979913,15656.528116352058,489.5761749560399475,20959.546846966524,338.2420496203200157,10867.56267608146,56.72791716999499535,21156.533880765814,260.9856357961099307,27187.252883271915,286.356089437789932,23568.256381736199,243.4100579431099607,17975.146803160322,55.3061206459179997,28540.09938883981,251.8495753233599987,33010.592969743567,441.3021974090900117,22147.074921448735,54.4770485523229977,18881.577104959706,86.17613435974300235,,,31013.422176409305,283.123947293139962
5064.496419532382,40.86571923798999237,7987.623447090543,139.9064438340099625,6381.521669493042,60.47459234795999785,16102.060448783093,311.5708948347299827,21315.934739559633,291.61152521014992,10981.875850743594,96.7880129659199891,21535.904211046047,282.0166135730499937,27819.888146362575,519.659187696860043,23999.137681666156,373.3598200808900157,18179.717735372641,173.89007382438001,29014.603121623777,420.8855092705799725,33368.025368746817,291.871623640979918,22302.599587533547,81.79105497512699655,18983.428178234291,74.5033896979389848,,,31236.746279160982,178.8808950640899971
5191.401442350482,97.0134290689360054,8222.683882840051,121.7077086712599791,6412.241149341829,12.48507421173399828,16449.480203976339,236.94123576695,21799.634430037512,361.4880356258499875,11087.773361046362,101.6918214209999857,21721.395895869115,110.2206548258899938,28467.118889825964,464.7944180602599985,24249.738742795533,186.6318004757299597,18379.360965312829,160.9038000376700091,29245.47309226428,149.8589543457799775,33804.563140721485,357.3422019840199925,22578.106123271552,252.4359190681699932,19131.297871667668,110.894488317739984,,,31473.5330022479,186.3566076294899847
5235.209130638378,29.36088934766399905,8351.04501164454,72.12622500064298925,6497.037565159284,78.88222265158398705,16926.674061673108,256.9226945011299667,22302.874312164953,413.648066588229994,11185.583576494642,48.412381569296002,21955.726164964665,214.1579840038600075,28927.345070404712,253.7975385626500032,24603.378140454127,274.878894072489969,18639.774738850056,201.9832768589799902,29496.461192695073,173.6328288163899738,34112.535511950611,203.4131992570399908,22766.881225002896,137.5527802160199821,19303.889390461366,169.7399392655599962,,,31730.950328484748,187.5066267162100066
5372.454882519022,120.4574695520599898,8520.106916882102,99.4369705965729903,6600.791676748335,102.7117270774099888,17593.686987192929,535.9712023648698945,22620.108422816268,174.3141983112899985,11245.069163734864,58.93033679858199015,22371.379396750886,224.7785802331499658,29393.399301039613,388.7214046877199952,24762.102592586723,111.6105168163799984,18718.445076931566,46.5492602294569904,29694.071449055796,164.0917448673399683,34376.304665227673,149.1963275609099916,22949.73916042496,172.2977658825599853,19482.0064837172,152.8339619000299757,,,32056.654507124629,185.1850367851299658
5504.389768283859,126.7629082380999813,8657.310087972937,54.27196113464999865,6726.385543619568,116.0097463519699938,17889.0349838252,157.1061412890200012,23012.614999617591,327.6732473761300062,11370.077217711648,123.832546722740005,22690.020508121744,180.0027416924399965,29798.40677351367,295.449188655369993,25159.072094855583,317.9389398390699157,18810.748913537441,60.849994026868998,29951.975013273658,161.1059743189599652,34706.899083474728,221.4865256028299987,23189.441926918434,161.4166404729199933,19597.852261721379,71.35877286116999555,,,32275.187898269596,147.8502135666599878
5562.849117370577,56.9494063892139903,8824.459034951097,63.77618896553499875,6801.246938371648,65.4744670051979936,18260.913755726832,253.079147314510009,23315.454036235215,272.2656850301099202,11395.346602366127,24.3566611341029996,23055.144314323715,219.9098167855099737,30419.120512789271,402.7329227601799162,25379.626611580015,182.662925330099994,19202.817433744783,329.1114576301899877,30531.104002806632,435.0993008774800032,34998.550081100047,240.7620853649499955,23272.936896014147,69.30322114403298855,19678.776275324512,74.2763310413439795,,,32604.022857468855,255.9700189163099815
5698.225023287499,93.8930459112060016,9360.892979655812,416.78573648044994,6851.995258238416,34.74860203608299952,18635.552254908077,232.4661888273399757,23617.730877672765,235.0143252790199985,11440.836283549654,33.5521527026239993,23324.634356364494,193.3079584192499845,30874.951695673578,321.65692445382001,25700.916428332204,223.7512017073299825,19339.476776136993,71.25516649617699705,30874.333022852867,155.4476633930499922,35261.783566972964,84.87332768631898685,23432.530456754736,144.7819080020900053,19849.516126271893,158.7704312094400047,,,32811.786808192969,170.951657127899977
5768.514638675467,68.43327137384,9534.65474984124,155.0678125181900093,6884.629329268407,24.17403301525499862,18972.509094528327,270.1525494101999802,23966.003368421697,308.5831406195200077,11498.695503612612,33.30240633365599467,23484.09742862936,121.2727682365199935,31287.7405172734,354.161136482249957,26184.065340003769,366.2584240411999862,19604.628883376037,248.8368779385299932,31207.726205930147,296.9737002367199905,35420.724210529666,111.19791235321,23720.075609795428,255.8251140648399647,19907.677933415364,35.8265492583170014,,,32975.148145260666,94.2752915398899911
5853.938669577564,81.16081971752097925,9851.761636279351,245.5636148035200097,7075.121761624108,175.3746960485299828,19431.770877321876,402.9480996327099532,24373.047699828666,336.599527618210003,11621.515483951594,106.8326925859900025,23704.036154161396,164.3651318061899922,31617.811701359899,282.2290620463800217,26475.89547491446,248.357361987519993,19748.724873335608,139.8866033026199598,31354.794642262783,84.65305521584798475,35591.549223449441,109.9853488055399845,23821.973349654251,92.1696328595340045,20170.182000405634,211.8660426194999777,,,33221.252850683894,243.6188036853000077
5925.395609117875,62.49125480826599215,10214.535881104996,279.868292250049989,7205.597106749323,103.761820350689987,19937.124809727063,400.5980520064299507,24800.446871977332,335.8823598740699467,11669.29610342458,33.57687835757499767,23956.037013257094,214.9912119963199746,31909.781170132006,200.0028357521100012,26754.891977589062,204.162557498599994,20070.561411120828,299.0507451991200002,31836.041712511035,336.0883146049100095,35863.441753722541,197.6849514004400126,24048.335156970277,168.6573706935399733,20270.96743168748,70.20823033347897975,,,33502.899926793126,252.0441871551599882
6130.039247930969,203.0541259656100116,10292.192515617789,54.9314572619719994,7258.740365611436,47.255985211916993,20305.980326914562,229.5578436147299602,25239.212140635452,254.1333796345899705,11757.042916318005,64.9924043062219991,24243.417793954957,194.577522557370002,32175.869092579446,209.4271232131200116,26962.279956466031,154.5552440326899835,20292.147355184876,155.52093400090996,32188.760118438681,289.7592506915299267,36146.151225317218,184.265364229179965,24269.320516973342,168.7207607340999965,20380.386259801689,68.2994383014620039,,,,
6211.503292358152,22.00129737636199668,10600.057897309046,250.4530100653900025,7312.379219297331,17.42465366796799481,20912.662141444974,548.3805321401498515,25600.999337528859,169.6114737905799635,11992.978759116431,235.3579577657799852,24648.794147407402,321.2912694303699925,32490.161476315173,198.1609494680000116,27199.261546320895,208.2997561582399718,20478.60357851954,61.8545255437839925,32410.107223390588,151.8743294724100102,36273.21070465518,112.7692401565799965,24443.983203211804,153.2044853731399593,20556.026994133885,141.2669669959299762,,,,
6253.491853991025,23.19114210764200112,10947.909107175538,303.586967926479928,7409.446095757828,95.21442160156198,21198.145107302571,206.8366701484299588,25861.407596944632,156.8640249477400053,12129.079041480328,128.7788114688900118,24919.182213618195,217.2804775532200088,32941.111504606173,367.5542459725900227,27662.369792777003,425.0180915335999982,20652.477061343593,124.6665836379899867,32725.798440544051,245.7786237730599612,36431.112928598303,108.9204634388399878,24704.457531827509,230.7758093465199627,20699.206354196088,129.3931407923799947,,,,
6287.928982476588,4.450975549984999425,11254.179108270561,271.0686698219799375,7504.292424944681,92.8387050652529804,21760.242335128305,390.486082792869978,26567.476014302504,572.041829547790028,12188.613157719538,54.4263743428289925,25157.929497918568,179.1014192683999787,33244.057919470014,234.8011685596999875,28072.129668963103,352.0942343122600265,20864.083829476545,101.1891521671699931,32939.228002278639,106.7419972788700016,36675.171812588892,200.3323036311300025,25147.372802464333,363.0839267616399852,20793.384039411176,45.73373520934899242,,,,
6327.958267981083,38.4263283599139952,11452.041721991217,148.9702905797299757,7573.158563702878,63.22026210924599335,22102.129389161477,247.3138205348599845,26839.962218055087,221.6348248671699813,12213.88961766431,24.22914774500100057,25463.964165657965,215.9931322115500043,33514.436195971945,227.488765880389962,28462.830518261845,329.144340072189947,21058.514659152929,179.3247204675499795,33045.200901164901,69.9528316904069808,37022.490264779477,251.2147585382099912,25273.211728759127,69.70000226744198785,20849.913183345305,32.25351607195399582,,,,
6444.803561792558,62.4410496275120008,11762.08079182105,305.7428538533799827,7659.978886722682,84.1995652308289945,22566.350312343634,337.8784746253299987,27328.918274773086,407.61263369702999,12366.727315829442,134.6294139860999616,25914.245251437947,427.8362461071400255,33790.217282183694,219.7317672812899891,28798.279959562954,242.5497757315299612,21193.953934437276,107.9107977481299935,33405.65909248892,178.6159795571799683,37354.538888512565,190.7775133595100093,25506.374715454573,209.9089411287199585,20937.211491920726,85.63364898276898855,,,,
6518.049773080064,49.57300577629300145,11948.001601019923,120.8872086043499785,7782.844092660355,67.86541126931899705,22982.520006138451,325.1713396359299382,27808.349278611707,325.849491271379974,12446.023276437588,72.4386003285650016,26487.285132696679,463.6062718301000115,34184.601701070646,363.6618288979000217,29040.197271570836,179.6057996504999883,21281.422768159362,74.5539663164439898,33670.59719259404,167.1911672197099956,,,25634.006072334731,44.49656050516399805,21029.931845176372,81.07648623224298465,,,,
6574.991641558614,47.42831224115899125,12161.499465214511,169.850121513729959,7790.376513554081,4.179565053593998752,23261.876710439259,232.2240216188699827,28360.994548484281,394.5558657379799555,12483.844406475768,37.03142412107199265,26764.578990826222,210.7994838751199601,34415.010523392777,158.0510804849699858,29261.875114648295,165.0805729544799756,21398.658002992499,100.8619125070899825,33870.143066259,117.8166775936699931,,,25909.733316364633,213.0816863131599908,21110.843411540212,57.53199843813699475,,,,
6645.201562825301,17.9917967642929994,12563.83493998964,219.2504117837800087,7866.28870308056,74.61464255545598665,23657.444626841161,278.9167907316399337,28771.169546274785,206.1562573026199625,12589.747064728712,104.689352756749997,26964.537334685923,141.3028446502700031,34715.747380137733,181.5224869553799741,29513.016523287466,180.5007842709999853,21586.828780696238,139.3797149262400122,34008.451194353231,118.573650128679986,,,26062.57743042156,105.0268936196700048,21251.848743888283,135.9156547000299606,,,,
6689.953255803055,43.71524545776600217,12725.706110633594,138.2004708571699888,7939.588136229337,45.74562411641599607,23984.988848582351,114.5052528969999908,29185.226229150604,242.9306058557099837,12691.431014504013,64.95762097559799005,27636.629541221249,645.0181822450399505,35104.814065350474,292.1767269029099892,29732.769121835585,191.8980462192699853,21831.638860809556,229.0554009577799651,34157.649647483407,115.9151608683299907,,,26245.854972462985,157.3288876210199868,21348.015896864519,87.64482447225699925,,,,
6749.433157426746,47.02759968466600055,13044.67596765568,245.4578988126099822,8007.105092240477,61.78415701765899805,24336.790125386044,264.3621785779599797,29471.397934525364,191.4637011717499596,12738.393520481671,25.8341101627259987,28013.743316071318,335.6102018928600037,35273.869581111541,96.2492852829959982,30228.079988511067,372.8776490424500015,21922.88798094773,78.9994763589489819,34215.106967305188,51.5307716759780019,,,26359.466203852786,94.5577303809990038,21496.436650640111,132.5944102240300136,,,,
6859.186855949885,99.3158853895709792,13357.702672562311,201.8225834989800087,8058.685956039547,50.04656670450199825,24748.458747989965,308.9848909536599405,29850.59149675886,295.2012781224999562,12962.70244578795,180.8028359850000008,28422.240833801187,303.2250411220400095,35439.661136011618,105.6714385290899823,30609.401503889169,304.989891797849963,22085.187447350721,108.197055671889984,34374.499129528313,137.718232912100006,,,26418.790270297126,47.6442780261699992,21603.292032602344,75.97474577339897875,,,,
6890.172575374316,23.77981214926399632,13587.167558217814,174.5767559476599895,8118.023355937282,53.51333280331199645,25233.694233269554,274.1706926601399337,30446.458072658087,421.7132488313499132,13002.681177376846,31.19945129980399642,28649.885932318614,142.7863128167199981,35609.639492847598,119.1928074426099895,30910.480385028159,182.1852662947200081,22242.361005337108,114.2545603634399919,,,,,26703.990583617229,267.848831997869978,21675.064248128399,55.55881891190499265,,,,
6930.741280320396,33.26151948914399257,13792.127701946527,135.5182340488399855,8234.305834064527,104.7938730421099929,25691.117899881039,273.9380962604999455,30898.430244666884,327.3829951626199757,13156.502940357056,119.1703133171599798,28836.866778369184,132.4975352255700041,36009.4819658545,335.175767935660018,31283.075832477222,332.3245584763000112,22343.204832054131,49.9289065176459983,,,,,26926.129742794408,196.4527238758699915,21861.840682399822,174.4563957364599666,,,,
6989.635869030672,34.72703521427499125,14129.078262214161,230.6500588543399877,8270.734564801525,31.2915352092439959,25967.25892812549,173.940986500359997,31451.010298814617,515.476830153510034,13432.980904805753,239.4877529958899907,29060.872429707306,191.023694201429975,36157.53224451713,126.7459211917699801,31516.146651003119,207.2948155973199952,22770.443450340958,317.1371741758099452,,,,,27303.050052117785,311.89941889811996,22001.493499606129,113.2746886888400009,,,,
7064.425491331834,59.9628946035009986,14388.815663900336,152.2131723699499726,8355.103045017431,60.05646131768499155,26421.699587616015,270.8838962327399705,31872.687291802386,253.2832251178199945,13509.319090189672,46.24590642980800205,29307.50405439963,210.0251456863499578,36325.053568531495,163.4907739672800057,31860.135068113342,276.709249786269992,23016.97734278983,225.5847868871499595,,,,,27493.651586794475,165.5511993921500102,22081.012708103225,53.76521054409199945,,,,
7172.713599761987,62.84142136634899565,15111.093216348738,582.2672595410999715,8372.835120096116,13.46604240462199792,26662.937720924344,100.746763498919989,32109.452017164062,192.6527559280499978,13590.064486878145,49.939044407276995,29467.239790249642,125.3548099776699865,36620.128613477546,210.5377828315399706,32115.778797680822,216.7982236681700093,23226.901612858891,171.164153390139972,,,,,27658.559461743004,105.4316334765800032,22237.702285066458,148.9493412914000025,,,,
7232.277895024391,56.66647789782699335,15606.784101670722,433.6834569028000015,8449.559203506765,71.9497199934459953,27091.560850791716,282.7249818540399237,32392.307157961796,132.1526495342899917,13730.513903177525,87.72022203101298,29689.374619316926,167.8511143060200078,36775.285844235216,130.5733966754700073,32342.00318126582,153.6046352312199581,23327.405464313308,76.67016181047998165,,,,,27842.141738309304,147.3406228792599671,22327.424886808706,75.8291549040069978,,,,
7259.43489678902,24.21458229421600082,16181.139672503825,482.7742850614599755,8517.934530344703,50.52807924373300335,27478.55919224056,238.7317715048599767,32927.035566652925,400.2416534048600157,13863.563363742436,128.3806613306599611,30205.726311477997,414.805602015469957,37184.331995928838,325.4911049296499632,32537.385643301787,164.5153614851699895,23478.130213682299,108.0251615086099829,,,,,28048.285284122468,138.3413569722399638,22502.662711486162,142.9946532595599813,,,,
7349.363678291598,54.0813465046129946,16634.231077095657,378.3559266043799865,8729.351345024146,182.5255129190899757,27958.218298753472,302.8902094548899405,33107.518619555524,143.4338323959900087,13979.599959435236,99.8080190788919875,30721.862611902558,440.3279088232899302,37411.109114250118,134.478796160479987,32749.032546103728,137.3797478126300001,23726.255039451952,145.0203792353599957,,,,,28349.299061964259,221.8711869820299957,22634.334529377917,109.5398933976399856,,,,
7413.373466166564,56.37392818994199195,17009.753407684044,222.3963144998299971,8832.807225585995,73.28654148905698635,28357.823200399063,315.2136278432399182,33471.688944685296,239.0736111097299945,14055.717434453293,47.4471449565919981,30916.60033960163,177.769279542540004,37694.606556362905,201.6061141112400031,32969.887119229557,113.9321139178800019,23874.31971132868,135.5004639068499723,,,,,28495.254554559595,104.4901352132299901,22792.500370905925,106.1176374792800058,,,,
7433.432491360431,15.67493229084900001,17345.486175364274,262.6595653457500237,8898.618800532735,62.16302417985899315,28746.059521317311,190.904701052999996,33755.385438422163,185.01210611852997,14106.354521146662,38.77229986905300037,31288.68510235707,259.616889539329917,37858.171370757367,98.1041648963600035,33247.831215016893,270.6254970091499662,24099.603261556423,182.6878749511699875,,,,,28791.914467629305,266.3123891258099995,22857.510609635757,57.2115114830899925,,,,
7469.322616909391,34.6684260448719924,17658.658625488702,209.1359942011599733,8971.895721298339,39.34830630735399365,29152.230266682343,224.3608045321799968,34004.685799698487,196.5251762364200081,14166.135463525352,43.89425055872798945,31545.850265205726,197.6797077583299815,,,33560.554926645289,239.6929378048099572,24223.211522489107,102.0027816743699982,,,,,28932.572548102341,98.331211377258995,22932.740534413765,49.05692243578899065,,,,
7582.152547084474,95.5887571172279988,18079.598357908033,287.1306065884399447,9015.653317419894,41.58765615230699082,29420.162544321475,143.9907337728599823,34306.297776043703,157.0383276276799613,14291.882422861982,119.6182500740700045,31898.244799057037,298.2676428034300205,,,33849.772945100702,220.4119707601599877,24471.505708793014,204.7457921847699815,,,,,29165.887992073489,166.4621856695399622,23024.723283927683,16.10673637858599956,,,,
7713.421179672528,57.22486412224100125,18766.733127503147,588.373506364210014,9115.5121685209,95.4594640866060043,29836.640886365635,295.881620900730012,34713.999836980584,329.602273280880012,14428.072735437628,131.2823107945199576,32208.729441449793,254.4240520883499802,,,33997.199298095238,117.2285163396099957,24650.444446107693,173.0344588924899647,,,,,29350.603566654473,97.6614446374489941,23192.521465887723,162.2583645611799733,,,,
7873.809588658185,146.3516372911399793,19090.686016187989,161.1860625577699575,9261.709058672606,108.3844633807800048,30174.350724662663,152.9397262562200121,35284.897805204981,473.6532066207699905,14583.567378905012,112.31853871734998,32423.192354239263,121.1971971754499858,,,34135.152366055441,108.1145453979399914,24985.920715920564,275.4549224363099705,,,,,29488.794502205702,78.9617205558699878,23286.309796232469,66.2489892274899998,,,,
8067.442593152236,155.8997429519199608,19412.988579662898,152.7501078256299815,9337.995800137195,30.6545930533429994,30443.209458007581,198.8088428033399843,35457.378182857103,87.9583776498359951,14683.667194100716,86.78692401165298485,32651.763909916585,144.925001327819984,,,34185.975736382441,26.84439595809099885,25291.363853890098,265.8994721054399397,,,,,29614.521944188022,108.3238058233899887,23375.534355295957,47.262727430060991,,,,
8131.308650970677,47.20447559109099675,19911.474164875086,408.046613429629927,9385.184654366909,38.38472450608399795,30880.328790202937,312.8830740056499725,35644.986713878228,150.2209125452100121,14889.180152635702,128.3115757338699718,32951.620669785377,223.292608336329976,,,34289.822382733455,71.8827114465429984,25499.912274740192,188.7295955576799993,,,,,29887.211142260849,217.9906271161399891,23638.530919409638,259.7645160076199307,,,,
8208.279528148166,72.1699591204099985,20224.072383655518,220.1863175838599882,9443.951253003904,34.01788253709300125,31210.819955225467,277.1986617917999627,35897.362486305018,221.2611782399100085,14938.75950587095,28.03568509177599552,33237.484103274328,260.9436476757099392,,,34390.416889185119,30.52582782215100095,25622.360294103596,81.71808042611900165,,,,,30105.975633026446,215.4463975304199715,23773.90970171964,111.1370574536900048,,,,
8343.763710557706,111.9417119347799878,20482.819525797568,151.6071906528300127,9467.795770355434,19.15081114213199946,31614.033641114236,280.9195355861399992,36128.899633386606,117.7794912950699878,15102.188106336771,128.8060445906999687,33627.09752977743,338.3524849079899455,,,34516.608797530252,115.189534877949995,25867.654498420629,232.6317192841700027,,,,,30286.680751472466,109.2548060614399783,23888.456560299105,101.2906606145099883,,,,
8630.659479111471,229.1354513758899991,20960.702430947022,339.2498224705399242,9512.123808916335,37.73228216437799162,31904.547219331769,204.4398754667599853,36263.801062225824,105.9197843948499833,15258.261040379857,69.5402013730629844,,,,,34608.304399545576,76.5904404546940039,26086.041899172683,167.7003207049799578,,,,,30711.389104319178,316.098187058780012,24014.55773795978,90.7835333753930054,,,,
8733.656752336424,72.45306918658400235,21338.31460934485,303.7778710222299867,9579.455317083763,65.5148222911269895,32139.752783345102,174.7200839966499751,36411.278865191173,98.6811792957250016,15418.18291842335,143.1489251186599738,,,,,34740.290356094368,94.0552625638949845,26203.515928604138,104.0203386912699837,,,,,30843.172305869355,93.2809194273349929,24210.840600059114,160.7752820091000097,,,,
8864.399667777428,105.7536664884499938,21803.903491923428,363.636562709079952,9712.211225300713,119.208975629899981,32458.083567955524,182.7805906009299968,36604.59881467017,144.9172349086400112,15582.042648392227,156.1360295459500087,,,,,34755.346774786977,13.67592260710999945,26372.605748539294,127.9643411992399816,,,,,31227.190186197128,369.2081083201099987,24373.387314929336,84.13027154324498685,,,,
9004.751673241884,132.7291113313299883,22532.43512859164,636.9719690444399005,9853.763813930102,131.7785507042900118,32930.26691492493,372.6237907716699727,36867.53980694975,246.5766625050299572,15688.729776546659,105.1281087287499923,,,,,34820.33800938271,62.7628656714719991,26458.943935268492,51.0234230246170027,,,,,31445.967876936261,105.8060320891100044,24581.381353688435,176.2895062686799852,,,,
9184.217889333448,131.7580428154299733,22901.779977523777,268.52509894128002,10011.611671182443,79.5444909008589886,33133.042456696671,125.9182704168899813,37446.738934255108,369.8477197874399267,15818.198773485345,96.346979339845006,,,,,34874.447770362133,18.57630029967899781,26664.754340480953,141.6627515937399828,,,,,31688.40374056584,227.5988140037899816,24634.516826155566,48.79836180246299175,,,,
9393.0941912139,189.7195675114299995,23195.603372323505,177.6187735925699931,10121.459262095188,66.2771863252069974,33438.160742102464,194.2384157088899877,37706.459466141383,212.8379474523200078,15989.691327187233,145.0306033450299871,,,,,34934.452459201584,34.90021908312399982,26829.583811541017,139.7660168227799882,,,,,31744.399134034821,30.61841983661099667,24706.631578221236,62.88992675062399925,,,,
9521.923629245632,78.51056944873698705,23906.452805715198,590.3767049518598905,10322.746906246561,186.8405250320899988,33696.502691829397,170.8195282334800135,37868.787564463177,107.6568401720499816,16146.604628998366,132.066366572150002,,,,,34961.246568551544,11.67933732275499985,27049.021764419214,145.1954313306899843,,,,,31901.98558712753,69.9062348925859848,24833.717861993731,120.9726501208999986,,,,
9679.244188960796,71.94805451253100125,24100.917915030573,134.1340618240899966,10455.493009187707,121.4471910308199932,34257.921570362309,455.072218599969914,38089.992312609356,201.7666679361099676,16202.368716665549,40.748507258692001,,,,,35059.545045813642,97.1116715877519989,27296.111885842761,228.4262732992099803,,,,,32108.889790334079,148.7017565148399847,24879.391182316122,28.2835139831259993,,,,
9814.869823426846,125.925464157299984,24533.444225650429,312.5057683347699807,10545.178874852215,61.54716101611599275,34569.114096257354,239.6782167837699822,38140.090043408577,37.18189635786799827,16286.765575875525,72.65230656659699065,,,,,35176.889249817831,111.522213501199985,27482.783716601212,154.8593008910800102,,,,,32210.966094761001,59.8309164573209953,24972.04211098,87.0252897525909926,,,,
10041.932965014192,159.9899354576699575,25023.826232075168,343.0967322091299805,10642.721524111292,93.3861236140780017,34830.968687975189,133.1922395401300032,38259.993988893243,100.7139177184500051,16437.261971292608,122.4146496528499876,,,,,35280.39486493139,87.1011211203349941,27658.832936497216,108.2773826246399831,,,,,32318.598492228225,104.285279486109999,25174.346961923928,142.9240762077899938,,,,
10141.648337675375,74.80212541297998965,25437.129950433758,307.568718089880007,10747.384021833997,86.72008066869398105,35190.727772847612,212.3569328529899843,38309.891742534649,27.25452127633399602,16544.307730790583,79.3853295427190059,,,,,35312.064313567401,28.2264507910069965,27877.798625203671,182.3564659903499883,,,,,32572.426664469743,99.0203477495809917,25378.894928735906,179.2565640293399831,,,,
10347.08345017076,157.5492632495999595,25706.703641066682,173.5229701392299825,10864.579032280608,104.1040884068100066,35496.996281453095,240.5525611868999922,38369.039608873045,57.12054910889399615,16689.37869714603,84.19609213352799735,,,,,35379.233873676899,57.51006520806200215,28062.864354263507,130.839838095809966,,,,,32659.400491661305,29.836059922909996,25508.262619703179,126.08747657888,,,,
10647.609499879599,252.6243815040699577,26181.655594297092,365.1051204885400227,11037.360496243642,169.7986673243999571,35960.176381072619,405.2938624000299782,38452.157537778628,75.8267732415429801,16768.581506385157,74.21762598675198285,,,,,35499.905896892066,88.9137908872159809,28276.760402596969,148.6385085027899883,,,,,32864.95755225648,177.7775067075199891,25697.042501115022,117.341272989369997,,,,
10736.427748973182,63.73699458215399685,26576.069088392773,260.4954929166599405,11106.947710950948,56.41537255319499865,36138.826039106384,126.8329439079400055,38560.04204458262,82.76331736021498355,16930.195264081107,102.333505967820002,,,,,35596.941532909887,90.4243245774069916,28468.351615177722,111.3813761080299964,,,,,33007.581988226095,121.3262725910699938,25828.699410012315,112.1613867208899929,,,,
10865.756391322204,88.59176151206298715,26890.202898730897,270.9346974193799715,11207.876629042755,81.80225800992099005,36271.980623565365,112.7687378007800016,38703.363156349449,134.4611087912400077,17117.002314987414,180.175833362879984,,,,,35629.045784625876,24.5431811894559998,28896.038263038081,395.776286999059947,,,,,33217.946460751669,176.3347914917999895,26064.554095715033,228.9861235178499887,,,,
11088.480854189635,193.5070430874199578,27482.813991006779,553.4106221863398765,11307.141743451721,70.88391375700999185,36418.3267664118,99.094334653071996,38917.737090754341,190.3412703017500001,17215.856233271932,76.5259427920829861,,,,,35736.967798040988,98.3249015411969931,29069.555142340698,71.45200003721799905,,,,,33261.110764887689,13.89763052021199736,26129.684559494961,43.35404866693599487,,,,
11207.169577471917,67.09555728813700155,27993.756775689097,296.7824465987199562,11402.636032868872,80.38063507676898185,36640.543877841476,179.5696336679399672,39026.468956985533,91.63739014165000155,17372.692253722237,135.6469095836499712,,,,,35808.921256264083,58.5919810599090025,29213.262445517053,109.0433375421099806,,,,,,,26174.853240183346,39.7449606336709989,,,,
11288.528614650278,45.5392269832459957,28414.580122959448,267.372350332060022,11472.673026795062,63.53531657661198985,36793.714163601439,128.0068596860400016,39158.23625099642,28.77961683279999492,17446.795850295821,65.79170493431197975,,,,,35880.771230369976,55.82735793802599715,29479.519830171226,216.2658260814299627,,,,,,,26309.639691718096,132.3384000788499857,,,,
11583.863735778961,245.2158727288099827,28848.879608068614,247.2491755956299915,11539.672424402549,62.4740451359909909,37254.567513535418,345.4995476107300182,39334.490545484619,127.7829149515999912,17616.862760158205,107.5933810692099822,,,,,35989.573306286244,81.7926573665429825,29570.299623126527,79.3685168069799826,,,,,,,26468.228020198458,139.2547587191299948,,,,
11818.947579617541,190.4912136195100053,29205.58184444292,252.5874030646099852,11730.033285277256,156.6544932867899995,37468.783560333642,142.1164800578200125,39476.99661054999,62.90227869269799015,17816.447225017993,160.4072292917099952,,,,,36022.630189323805,8.99122565771600076,29874.1105902086,272.6669687224299415,,,,,,,26658.087429781152,126.9922026125200028,,,,
12301.436459483089,445.0738332427999912,29490.624913392133,204.1411989721900102,11929.126388067629,183.6288519441000056,37836.598242611527,247.6131839865799965,39512.552667702597,26.44331512821799627,17872.875518776564,40.84483153083900205,,,,,36085.294090762315,53.7444901824309935,30081.676088407597,191.5091863613599791,,,,,,,26847.546122526593,121.9238070294599931,,,,
12450.027721345676,72.81507301518098505,29853.013651521538,290.6344759825299195,12082.95524223545,104.8983475575099926,38024.994788920056,144.0833992741600007,39668.130922283203,100.0840427355399806,17986.20809587977,85.59065948675299725,,,,,36202.837133786167,92.8995796180989825,30240.19501978018,143.9451796135899707,,,,,,,26989.71800593289,119.9432708066899801,,,,
12726.422162740201,186.1459325184299581,30413.808720172165,388.7646419471399195,12293.89514763441,164.0279394901099858,38100.120057237282,55.48948331270099725,39809.123425886488,113.5173340409500036,18067.165325952606,37.494193312737991,,,,,36241.633779389913,31.4348042969789957,30429.788226006612,152.5542406309400001,,,,,,,27181.566748827124,128.039893187819984,,,,
13231.608637444444,433.6531759641899255,30749.362394891386,301.6144350653700017,12484.4254264134,162.0090723027499843,38139.866397721909,30.65041905398499707,39900.99257509769,85.7755586062699816,18156.797403821283,83.52708420566298705,,,,,36319.212770500576,74.0367024531939816,30711.182388640212,249.6407193746599652,,,,,,,27316.32108595719,91.6930373740889873,,,,
13492.368794109889,203.5576494219299652,31547.798650180272,625.5238808087699435,12548.211604695553,55.03697085955499775,38250.506765470298,91.6654247540739955,40017.158620464369,103.1586771501899872,18489.669857810439,273.7828591572499582,,,,,36446.835860242878,112.5588125729599933,30801.774072252053,54.52444210408199845,,,,,,,27434.364818289191,100.0760599539499931,,,,
13607.510064660881,92.908230555735002,31916.898042222756,241.089538926269994,12729.011567961529,129.9991088090199577,38302.370334454302,21.33615388461399925,40150.894583103177,100.9983303732399801,18557.432938579664,48.66648235342299225,,,,,36512.460264758567,62.711547492447991,30872.169140748153,33.2377500311280015,,,,,,,27637.065450687646,184.1425201747400128,,,,
13889.410205271939,255.0125310589099845,32258.092517821671,259.8788066515700157,12898.67969154256,135.266823397359985,38340.08878874912,29.27436779718199477,40208.860669379062,45.8530073601289983,18617.674828612234,53.8056908676099963,,,,,36531.45488744063,17.43109823635099781,31220.563043760492,262.290583827709951,,,,,,,27717.757489666366,26.96562980410899962,,,,
14097.52006550544,136.7596322671299727,32525.101824370397,227.607843859429976,13072.913798496078,145.0563239401799926,38443.885062694948,67.7754632763320044,40285.27207359182,54.44497287287499865,18702.93077537047,63.35096956468399275,,,,,36625.556809899866,93.0721396400959972,31408.391191404978,78.40183114591999885,,,,,,,27821.426925388191,64.2560040967609891,,,,
14280.761512595044,168.3855129513700031,32919.992384009862,319.4555850862499245,13182.790375515118,84.415589257248001,38557.111410931391,83.2066504390159873,40437.549275506934,140.4798692135399841,18800.375973710333,40.0484842005089943,,,,,36678.778972221211,35.50030255741499717,31734.560842482043,274.3599575411200237,,,,,,,27854.747135400127,30.61979494746499582,,,,
14687.651462206084,210.1689267420200043,33268.247826892483,304.5496322384199167,13369.208903962223,176.2143204844099951,38678.07515681642,116.1139118176899951,40513.65067593692,66.7739507856649934,18930.221002445392,79.8411725267309859,,,,,36743.949910361997,63.6302116749539974,31894.751680559528,100.946810182190006,,,,,,,27902.073107707021,22.77470825393400121,,,,
14909.695653452228,147.527502675369987,33559.500890245565,180.8247531678699707,13621.616980627273,214.966910384169977,38761.795696018407,58.94237225023799435,40628.898921243306,79.94590505121698215,19118.465195193706,156.3344241945599715,,,,,36816.5371706514,9.70681044574299886,,,,,,,,,27952.649372436728,24.4192547941810004,,,,
15320.21347302889,359.532837100950018,33807.479075901201,166.8439659171999663,13807.50498377975,90.00019045958700265,38921.109019781772,70.52440423505097985,40751.784333274671,84.1927052841149928,19245.447445297874,113.5714660675599812,,,,,36847.297843611794,21.9598802710260016,,,,,,,,,28010.614286165322,52.96479815044999365,,,,
15554.106311399853,186.2361399906000082,34140.889318902518,231.092134330799978,13986.650586714899,169.3399952759799583,39142.937247598057,203.1147744825800025,40880.365966602039,128.1060327399699755,19337.584705164835,73.28412939428298465,,,,,36892.016785392988,42.03827720329299195,,,,,,,,,28106.645207446954,75.83983519861399685,,,,
15916.716247127132,260.7993923163500077,34381.776412599447,133.4519436419899985,14214.808459764802,189.5336480809799572,39283.672424388366,93.9105970658779934,40969.879466118245,67.6185875334339809,19600.146540879613,232.352355306889989,,,,,37010.923287688397,110.1625852893899942,,,,,,,,,28268.827668730609,122.4783314146999937,,,,
16108.125326202126,159.6423944761899628,34710.801065572865,224.5430246546599722,14437.620288076086,190.2383585684399908,39476.456202264528,69.360360620923984,41042.264458116134,46.4681999763829905,19692.212087394872,72.69362367732600175,,,,,37109.702725082851,97.6362686618039954,,,,,,,,,28343.501391881878,69.1104172898899944,,,,
16547.248578196383,381.3803614899300095,,,14657.991462962067,186.0540188518700112,39514.76448233709,15.44150449750199877,41146.950129479639,88.30968696342299005,19834.534901431545,117.8149900261099952,,,,,37186.483856858641,40.64489641255399002,,,,,,,,,28546.857129624331,192.1955897273799668,,,,
16873.113258934596,264.9866236880499165,,,14928.380216601278,186.43524247711997,39680.163321298363,89.16974315919100005,41234.022883497032,69.01026440753000175,19876.294558291966,32.47018285066999952,,,,,37220.321770620137,30.665992348159996,,,,,,,,,28671.074925289606,122.6371145725299806,,,,
17076.706320239587,88.832366362660991,,,15135.422911182258,111.5833142727800005,39877.239877478256,158.4915222223800122,41306.815007889004,71.4810672023649826,19954.449502699834,56.61504305772899645,,,,,37291.385627929906,36.61787617929400067,,,,,,,,,28798.559158848581,105.4404005749100005,,,,
17335.102272802928,196.8632081444899875,,,15404.352921153182,190.4017498634099745,39973.899003417865,72.83424073299798315,41391.081413949755,63.17843296340099335,20082.610724369919,98.2100182256109798,,,,,37349.419506424508,52.6651368220189934,,,,,,,,,28959.681422179632,136.3608305742199601,,,,
17542.88255555328,158.2356663843299878,,,15662.819587827812,227.1817677181699643,40148.891126949413,106.5182079716799985,41460.090105500067,67.83017188342998315,20217.981334650201,106.6222727053799981,,,,,37413.261915269178,57.7609821963219898,,,,,,,,,29124.75715773931,133.9241385230999977,,,,
17837.792512080497,134.5342536511099633,,,15880.408429334596,167.7091845667699766,40196.816446402705,44.67429329900099317,41505.760040836825,28.46763328027299867,20421.765303295622,177.7401336573299766,,,,,37420.325255184311,4.222315849715998915,,,,,,,,,29199.905640320308,60.0772438618869981,,,,
18074.337143837545,155.2775365472799645,,,16042.785887260617,153.9473354981299727,40325.009999220973,112.4128820513799948,41534.867967930982,14.402282972879,20548.955499490464,123.7844484384000048,,,,,37523.935518140894,90.81781438930900635,,,,,,,,,29303.456242017952,46.9405263530180006,,,,
18389.212368464923,253.9735712146799632,,,16235.630267396653,159.1812423809199678,40447.310654214795,98.6425217717009838,41581.146657060399,44.2324434591619989,20764.775857804832,199.653080529439989,,,,,37542.556779478326,7.54300200330899881,,,,,,,,,29384.837092151547,69.91920296292798265,,,,
18684.165375826767,268.0005869046000265,,,16386.582376422547,114.1959198656599875,40554.048085195896,49.9956316156959984,,,20841.350400438406,57.4496283907269995,,,,,37669.811221901164,73.47887269339500425,,,,,,,,,29501.896110475874,72.05963465203399175,,,,
19257.444663673027,495.2141180165799585,,,16670.773210970852,234.6018702546600127,40690.89558552044,97.1233403039769878,,,20953.375383220872,103.0780639003999962,,,,,37777.259054012892,101.4921118521299941,,,,,,,,,29610.068100311429,73.33508572323799485,,,,
19614.159204516239,182.617676819209975,,,16924.309940609388,173.5313097772699952,40773.300339908634,52.5910486983769941,,,21091.045278989732,67.3445852839279835,,,,,37874.831792396436,92.6986006212370055,,,,,,,,,29771.906841722628,153.043744909249994,,,,
19949.63017535896,237.9178800630600097,,,17150.439785706817,129.1068256155400031,40943.560334673076,80.32777261712098455,,,21187.637776121948,78.0327838496619958,,,,,37920.528547332593,42.65668509048398945,,,,,,,,,29822.638921053189,29.1751576760389993,,,,
20402.269998199549,238.128687940880012,,,17292.652638696867,83.2902707285250014,41038.571109805314,53.2420541003849903,,,21252.674232154194,56.9355009942109971,,,,,38006.015443695743,79.2270080378870031,,,,,,,,,29944.513616741019,43.21765532137600002,,,,
20715.674928255957,244.5698639662500102,,,17597.806436681803,238.3181417767299865,41141.202545944959,94.0914857837339863,,,21352.860841177693,92.1628764347289856,,,,,38111.760561347572,65.9861971604439928,,,,,,,,,30000.213761928593,22.82630016090200078,,,,
21266.68833730315,449.1986859008100037,,,17705.894628378324,91.2135715085750004,,,,,21513.475937587758,148.5666428381400118,,,,,38193.611633381936,67.4520114103650028,,,,,,,,,30071.01288779215,50.52385386259099655,,,,
21611.830697103326,146.6764059438299902,,,17967.061176430051,208.3851160496199658,,,,,21617.874626558108,90.2003808817389935,,,,,38298.359771540124,64.34322108636499115,,,,,,,,,30150.594938185875,59.5740336696979963,,,,
21758.914838632632,78.0463931309279813,,,18163.274612610087,170.7061419236899831,,,,,21796.304086606123,176.4899275336400131,,,,,38320.265879367395,19.69016636415199875,,,,,,,,,30308.798286805161,111.0636864738399931,,,,
22252.45501092921,361.5470735621399842,,,18340.919621874036,155.2480274004599887,,,,,22074.344329709725,200.9727514237999907,,,,,38370.943030842449,24.78702732164099832,,,,,,,,,30426.661876639695,110.9384125358299964,,,,
22984.046510655233,562.4906052495498425,,,18556.986875845474,148.2714642404299633,,,,,22195.707556009907,118.0339421869099961,,,,,38423.2487771574,11.55786513505099926,,,,,,,,,30472.385732311926,41.8301113970429979,,,,
23274.153605965388,201.3908946709900071,,,18751.145139294408,83.1378950529760059,,,,,22313.290468283606,79.7890390910029904,,,,,38515.308440654267,62.24633758023600175,,,,,,,,,30551.206541288995,55.63817495911300145,,,,
23664.560301987709,332.7237300140599232,,,18883.296944408445,98.9328014962279947,,,,,22453.984007269651,109.9663320630099857,,,,,38631.82948715348,106.7678233824599939,,,,,,,,,30641.714782701415,56.1404674493300033,,,,
23887.473133075976,160.4685995556699818,,,19099.601260452377,165.4961083438799952,,,,,22683.549438314227,161.0260974322899863,,,,,38672.671264403255,39.50286747693900207,,,,,,,,,30804.88591339006,148.3290224211800132,,,,
24287.853026634298,287.1080936266199602,,,19285.94148195571,89.98150619731399005,,,,,22783.132447525016,76.02213525598199315,,,,,38715.846649209248,40.7487088644579954,,,,,,,,,30851.098086567233,19.2928403902539997,,,,
24611.84604195023,280.200897015689974,,,19441.173777287183,115.5347869136199957,,,,,22861.011825681769,64.4578115385170063,,,,,38769.123410196471,51.9575627918099909,,,,,,,,,31062.244460782415,176.8903475401999681,,,,
24910.232363181159,240.1976025371199617,,,19608.335470170098,74.0908656574860058,,,,,23017.079710193825,130.9428879896099712,,,,,38873.732438304231,84.12001257082999905,,,,,,,,,31158.977707923406,74.90688448464300075,,,,
25098.705458446074,152.9759743291099875,,,19764.99808585026,110.6752934807200001,,,,,23125.982061295118,98.143299944722997,,,,,38991.941007816858,116.8183736670899856,,,,,,,,,31249.415937227129,72.4614731073949938,,,,
25311.353238072687,150.5495733924799987,,,19985.900060151457,186.4345877148999753,,,,,23239.14456076597,51.8129336079449983,,,,,39101.549374607714,16.50134503071699747,,,,,,,,,31432.97049487832,170.0300807977399693,,,,
25693.469485578908,226.1579774066299808,,,20161.890366993384,114.4720330413900054,,,,,23341.23566084749,73.8071161392939811,,,,,39150.732592779216,19.04501405851199531,,,,,,,,,31533.255101508067,64.9105031124999809,,,,
25934.565436283299,182.4877161038799608,,,20489.392591055033,264.5413242457199195,,,,,23516.898220632817,173.3983923226300013,,,,,39285.536768612428,104.3597851921799982,,,,,,,,,31721.139095933784,148.3874561677799868,,,,
26289.71489953304,263.9440923973099862,,,20817.068557074135,284.0062234115199532,,,,,23616.472892325571,81.582501223909986,,,,,39363.700012230795,71.50603404888599335,,,,,,,,,31909.907808693622,159.7522267588599897,,,,
26567.396054159648,164.2914102590399913,,,20999.691985510023,132.5700486262099953,,,,,23784.560293031333,162.9173159579900125,,,,,39394.678775345771,28.0448682813510003,,,,,,,,,32072.653303979284,131.1314522937299781,,,,
26851.611048692261,157.3173347765999775,,,21177.913629951397,142.0003879108699601,,,,,23919.892679128397,93.7621957292249984,,,,,39437.413808299646,34.50493453772399717,,,,,,,,,32312.996719323786,220.3084969953200121,,,,
27122.716444610629,208.2292391518299715,,,21263.430436462073,59.61508851758100005,,,,,24033.679684690471,105.6050293532399844,,,,,39470.433649714234,19.12754522503499991,,,,,,,,,32444.548149188626,53.9728762958399953,,,,
27513.594969358096,280.3287613760300012,,,21350.337423344586,55.6715187869640002,,,,,24253.672324093256,186.8029559425399946,,,,,39661.272630375769,163.8351034055399957,,,,,,,,,32484.603265392263,9.91012472756099779,,,,
27997.571289736003,442.0554103434999415,,,21550.515312811013,110.9357572315300041,,,,,24399.383975169265,107.346819257649997,,,,,39744.801748197193,79.29974113796399105,,,,,,,,,32579.936862684394,93.3775566812360009,,,,
28478.688609435849,380.8649388264999502,,,21831.826949427506,247.7731535188800072,,,,,24581.595440213675,166.575567748319997,,,,,39817.181089211398,63.7256523930879976,,,,,,,,,32711.734871293226,101.0124359385000045,,,,
28726.639588447868,156.9023757408799606,,,21922.80517836151,75.53843682458699485,,,,,24685.140720516452,97.8440618427499938,,,,,40093.148661708311,244.4708270700500052,,,,,,,,,32902.167693400556,124.2575503861899898,,,,
28891.174973899854,96.5871133347110056,,,22125.543939428859,151.5506602858799845,,,,,24858.402221444033,150.2206679719099603,,,,,40221.932596465246,108.1104313349899822,,,,,,,,,32952.308321266505,35.6877793595579929,,,,
29121.623433330094,144.6884081678599608,,,22269.265602344175,137.7571600889600057,,,,,24964.68108628656,86.1204991826739951,,,,,40319.922529092443,68.1997029890739836,,,,,,,,,33099.352026950755,116.3153123346299931,,,,
29350.529804014371,107.5227738733100007,,,22408.162337667663,110.8949890606699848,,,,,25154.869722029451,170.5397076352699621,,,,,40369.278417130817,48.0052956817499988,,,,,,,,,33205.116120441733,101.7458964416299804,,,,
29625.792609270015,190.2475422014999815,,,22624.672594706686,170.0130205090100043,,,,,25278.976558620679,99.9562804094009887,,,,,40448.409984705476,75.91120329822800235,,,,,,,,,33306.488528252328,72.26216942700000315,,,,
29914.144930167192,219.4529051086599897,,,22781.042008498902,117.9046850987299986,,,,,25505.587550252819,126.4291912072399947,,,,,,,,,,,,,,,33403.007054149498,68.34236609669298425,,,,
30209.605236568343,171.2148021859999852,,,23050.347144191876,208.0364614013599853,,,,,25683.670159807916,175.4546356730199926,,,,,,,,,,,,,,,33583.437157097399,160.6766084511600065,,,,
30579.080717063966,287.1506854733900115,,,23251.881018595745,103.6361559036899959,,,,,25965.468978223127,267.43302339564002,,,,,,,,,,,,,,,33710.697364072487,120.8488203208199816,,,,
30891.446604092621,165.2933458440400038,,,23462.775816193972,175.4795378569600066,,,,,26107.32816583856,99.7762587736550013,,,,,,,,,,,,,,,33765.829071897783,25.91372206244199807,,,,
31100.194092702852,157.2763051922900097,,,23722.144913004205,178.29635828990996,,,,,26160.508229412104,46.5178458603609924,,,,,,,,,,,,,,,33811.945407496077,15.27093017092199993,,,,
,,,,23847.946359616912,109.8885500329199938,,,,,26329.227191600137,153.6041968886800071,,,,,,,,,,,,,,,33866.397560712285,52.79035112575400005,,,,
,,,,24106.105476782556,213.1241162570599946,,,,,26441.032280996599,93.8100197055179871,,,,,,,,,,,,,,,33930.858814801397,50.04092760718899045,,,,
,,,,24257.224772313496,89.89365232414300485,,,,,26593.97729604483,125.6091802617000036,,,,,,,,,,,,,,,34086.101132411026,114.3828749858199951,,,,
,,,,24486.735952502923,205.0263912225599931,,,,,26920.407710919345,233.4469126221100042,,,,,,,,,,,,,,,34212.082461165276,125.4060167738900016,,,,
,,,,24779.867091106739,195.3389217467799871,,,,,27067.737593160653,127.7938909452900015,,,,,,,,,,,,,,,34374.808693726763,145.3531653471999896,,,,
,,,,25115.127855252353,161.5145553216599971,,,,,27143.724155713462,68.7049268798709816,,,,,,,,,,,,,,,34447.505736517064,59.6498596555109939,,,,
,,,,25294.188585779034,91.17430531842299455,,,,,27406.876327396433,195.9616859854600072,,,,,,,,,,,,,,,34701.947005988765,215.4858654012199952,,,,
,,,,25462.697307775061,149.8894284272499812,,,,,27540.239692358768,107.616413593539988,,,,,,,,,,,,,,,34819.901299677293,98.710508948016979,,,,
,,,,25623.734177217491,123.5990415319599828,,,,,27696.965134105899,140.1085631113999735,,,,,,,,,,,,,,,35035.680741045433,157.9685042361999756,,,,
,,,,25963.635789416255,327.036550181309962,,,,,27822.877410380799,119.060370173639995,,,,,,,,,,,,,,,35155.949849125629,74.39318744474599015,,,,
,,,,26099.06084759821,63.74460238043700125,,,,,27874.093565404749,30.37253075129599712,,,,,,,,,,,,,,,35471.125044669234,271.8928613992,,,,
,,,,26253.082830910648,134.3580014672500051,,,,,27929.842972997696,46.7288917842249985,,,,,,,,,,,,,,,35844.764078328366,339.5000245462699687,,,,
,,,,26371.586123063209,99.4590338567869873,,,,,27991.451960581094,41.8664666675449977,,,,,,,,,,,,,,,35899.487790491786,41.16162543965099002,,,,
,,,,26453.561186882535,49.67786231948899435,,,,,28129.358627240034,126.1273380199899913,,,,,,,,,,,,,,,36033.529394371408,105.4231367157599945,,,,
,,,,26649.196211814911,153.2293536910599977,,,,,28272.750963928094,102.8791461189499894,,,,,,,,,,,,,,,36145.459882755784,69.83001562260798755,,,,
,,,,26944.278687776389,256.4353357157299337,,,,,28342.487956425668,67.3434434476299939,,,,,,,,,,,,,,,36239.860167024168,87.6363427790379883,,,,
,,,,27214.665690694984,175.4786433229099878,,,,,28421.157924674037,67.97816011853498685,,,,,,,,,,,,,,,36350.531578811088,54.9911039664749948,,,,
,,,,27332.299415972594,46.3565244986699978,,,,,28521.179754338763,45.1846148893960018,,,,,,,,,,,,,,,36563.593526068236,205.5121415123199988,,,,
,,,,27560.403562146581,130.1556336349199791,,,,,28561.892350941833,25.6448778361359969,,,,,,,,,,,,,,,36752.609573365111,148.503980398359999,,,,
,,,,27945.178508388195,322.8816644184299765,,,,,28769.015945232853,135.1495498355699847,,,,,,,,,,,,,,,36866.781639878435,43.02053377323500155,,,,
,,,,28159.011512249471,114.4690928464399913,,,,,28921.29769663426,99.7134506384039975,,,,,,,,,,,,,,,36939.995843133113,65.47676304059598325,,,,
,,,,28407.090400340502,156.5445363998200031,,,,,29124.995119038173,165.5479143306499731,,,,,,,,,,,,,,,37194.361289897519,239.1476171996499707,,,,
,,,,28594.454666995954,124.369921801419991,,,,,29257.759492870667,107.5507683921899794,,,,,,,,,,,,,,,37405.019474081482,144.1065818050399793,,,,
,,,,28805.713219952874,93.5128008950849785,,,,,29302.105353172806,24.98464286006299765,,,,,,,,,,,,,,,37472.271246181673,53.58579969611000115,,,,
,,,,28984.35451084509,136.4047610430199591,,,,,29374.578417616263,67.93577180729698725,,,,,,,,,,,,,,,37572.196854780463,90.28457111644300385,,,,
,,,,29253.362671426247,233.0448354437600065,,,,,29475.744067096464,89.57531726517899505,,,,,,,,,,,,,,,37727.224413558186,75.84990867051098435,,,,
,,,,29416.044879088383,94.9151407383639873,,,,,29569.378574007506,42.71668322281099942,,,,,,,,,,,,,,,37964.360489110261,196.6608512867099981,,,,
,,,,29501.080554223195,29.94222924149799767,,,,,29803.412008975647,193.1473445450199613,,,,,,,,,,,,,,,38142.210396275868,137.0248255146099718,,,,
,,,,29597.852284427891,60.93084590667000075,,,,,29921.825745285022,103.814163604389989,,,,,,,,,,,,,,,38209.821757070566,32.50401393645999792,,,,
,,,,29868.108459028949,228.4867570968399937,,,,,30033.185658647108,93.3190032317099845,,,,,,,,,,,,,,,38352.77028439168,119.720095442029986,,,,
,,,,29990.738063493631,100.9482610331599797,,,,,30133.977765798002,89.6015784779000054,,,,,,,,,,,,,,,38622.413517075819,263.6655277499199875,,,,
,,,,30178.014034260926,121.5426556466599941,,,,,30208.20781598108,21.10671768100899462,,,,,,,,,,,,,,,38730.868494616693,76.10915254066199485,,,,
,,,,30455.903351691121,197.205207295050001,,,,,30381.596812174738,87.1828955327299861,,,,,,,,,,,,,,,38953.530931526846,207.6750658481599877,,,,
,,,,30732.539890779241,198.3307591260800102,,,,,30447.658892696673,24.83647689553699667,,,,,,,,,,,,,,,39149.802031992901,123.1162661415699797,,,,
,,,,30834.213057227789,82.6564700216129889,,,,,30550.725884879686,89.8766984227839881,,,,,,,,,,,,,,,39277.520324002951,96.3245065830069787,,,,
,,,,30958.239854932423,107.7474945070899816,,,,,30643.117943403196,88.73830645231498655,,,,,,,,,,,,,,,39295.497395551701,7.12900026098500025,,,,
,,,,31454.498965971937,438.2322833120499567,,,,,30839.380415708095,167.5043167581100072,,,,,,,,,,,,,,,39404.045608898645,49.9582866239819905,,,,
,,,,31772.575050983935,311.6949908973399477,,,,,30889.649360268194,48.73829535973399605,,,,,,,,,,,,,,,39457.383528797724,43.33050182016700077,,,,
,,,,31939.852594994698,101.0929512470999891,,,,,31085.885755499492,90.618945366711983,,,,,,,,,,,,,,,39510.893706752762,38.55342916760599775,,,,
,,,,32211.547058463347,178.1405787570399745,,,,,31206.286395012223,61.18005776650500125,,,,,,,,,,,,,,,39586.775491880257,72.25647716780198915,,,,
,,,,32553.120210619181,331.878644641729919,,,,,31404.494292717065,154.9756956022599745,,,,,,,,,,,,,,,39651.967085751048,63.61153730881899515,,,,
,,,,32642.691676333608,13.2351429823449997,,,,,31530.518428976189,63.78967589208500025,,,,,,,,,,,,,,,39672.984243635421,19.02586758343500145,,,,
,,,,32885.823927379177,209.914105915009997,,,,,31716.924555166156,153.7221310929799635,,,,,,,,,,,,,,,39727.402350118044,47.1735248702210014,,,,
,,,,33016.083867772349,92.5340014208949806,,,,,31819.215027176142,91.94042237980698885,,,,,,,,,,,,,,,39765.419869182218,30.43512828835800107,,,,
,,,,33170.197185945728,101.0000982057599965,,,,,31930.916911901733,68.88606805854300285,,,,,,,,,,,,,,,39836.227645372578,65.36307945703100565,,,,
,,,,33319.33073599609,145.3237620012199608,,,,,32101.85943434793,143.5317247894199678,,,,,,,,,,,,,,,39863.536634842489,20.11104314213299908,,,,
,,,,33393.021095335545,69.4670556138040066,,,,,32426.141198314766,262.8969326727899437,,,,,,,,,,,,,,,39965.207841848442,99.505781465471983,,,,
,,,,33433.750891584024,32.7027981344700008,,,,,32480.235973661735,53.58202583806499305,,,,,,,,,,,,,,,40006.176279571006,28.23956290242900015,,,,
,,,,33499.639527177849,54.93667423504699315,,,,,32609.76641663441,125.050668368339984,,,,,,,,,,,,,,,40093.860367061735,81.43592667561600225,,,,
,,,,33604.519685019957,101.4031453760899804,,,,,32751.988287544203,133.7511091073199618,,,,,,,,,,,,,,,40123.468182916304,24.69723307803700145,,,,
,,,,33681.984945961482,46.73094178455200145,,,,,32912.70675861043,92.4377274564070031,,,,,,,,,,,,,,,40156.809027756992,7.213311541652998905,,,,
,,,,33750.230877131754,42.40073249941700317,,,,,32984.971583987166,67.43013333626498685,,,,,,,,,,,,,,,40289.710106725213,68.0869198114759794,,,,
,,,,33789.996160219835,28.07040865586399992,,,,,33115.613111610418,122.6225702687499957,,,,,,,,,,,,,,,40297.152341615874,5.305786005877999725,,,,
,,,,33889.717553354495,87.70719734647198575,,,,,33242.283215027897,111.7809591228599966,,,,,,,,,,,,,,,40374.262435668703,73.39257448425198015,,,,
,,,,33930.282673659127,26.65014159556999815,,,,,33377.750609696604,43.67397560485699145,,,,,,,,,,,,,,,40428.253175013018,49.85740186777898925,,,,
,,,,33989.118180124957,56.96153206498199475,,,,,33451.635988691155,31.32562923311400017,,,,,,,,,,,,,,,40518.202952813428,80.81816859248900155,,,,
,,,,34029.63848417459,39.45775990112099392,,,,,33604.183439629728,109.0401042875799926,,,,,,,,,,,,,,,40580.223914899403,56.461678652480998,,,,
,,,,34236.688407390684,205.4637751367299637,,,,,33754.704608046851,100.6949411679800048,,,,,,,,,,,,,,,40634.211295505231,49.200375910302,,,,
,,,,34342.780479364413,104.9610947350699912,,,,,33801.677850478875,41.34221424193599132,,,,,,,,,,,,,,,40729.220523532654,93.1886074590389906,,,,
,,,,34427.451184432977,47.90479222844299985,,,,,33826.502463077907,16.89501031344600072,,,,,,,,,,,,,,,40742.744877799506,9.14756967738599864,,,,
,,,,34568.177269999717,100.8995472780899828,,,,,33890.487066987311,32.2915263310819965,,,,,,,,,,,,,,,40844.195220444419,57.1912625030969932,,,,
,,,,34655.5758294086,59.35905340178000225,,,,,33957.612544556237,63.0577861433120004,,,,,,,,,,,,,,,40888.242281839353,43.22530575352699582,,,,
,,,,34726.513002832371,61.77846125322498925,,,,,34068.064267572501,89.6850489080679833,,,,,,,,,,,,,,,40995.222871086557,106.382135949359991,,,,
,,,,34777.589421141258,16.88445396132999571,,,,,34182.976341680254,96.4483834770509812,,,,,,,,,,,,,,,41032.031938246871,31.48890711573999807,,,,
,,,,34812.951248770675,27.1360363044059979,,,,,34377.532075242721,161.3456317453599803,,,,,,,,,,,,,,,41082.376403851073,44.43440680984899392,,,,
,,,,34834.476059537778,16.82353907228599603,,,,,34482.297912845786,76.8474309320359905,,,,,,,,,,,,,,,41167.676669653767,84.29730012449900265,,,,
,,,,34891.751813866565,49.5421502157669946,,,,,34706.684795116837,215.4472187371299575,,,,,,,,,,,,,,,41286.559402867573,89.80164747592999635,,,,
,,,,34962.51454387131,61.8845825846489956,,,,,34822.551715872373,86.53054951245499605,,,,,,,,,,,,,,,41314.077480979243,23.35714724145499577,,,,
,,,,35008.875336811897,30.86193012204699915,,,,,35089.209198646882,208.8975334395900056,,,,,,,,,,,,,,,41336.718123424813,21.69531167544700158,,,,
,,,,35070.712496062017,52.7106169155239994,,,,,35361.882677419393,218.0494097096899956,,,,,,,,,,,,,,,41389.265539644759,27.7719205953349969,,,,
,,,,35143.553357146222,54.17267461713299765,,,,,35486.69842121193,45.65689296362799592,,,,,,,,,,,,,,,41405.579791207968,6.73713198066799988,,,,
,,,,35237.296288239439,88.37896193711998165,,,,,35606.135005920676,47.7255727900409992,,,,,,,,,,,,,,,41462.749188329654,28.80837954087199637,,,,
,,,,35349.376553518632,89.9627199270910009,,,,,35900.320163690332,113.7846084667099825,,,,,,,,,,,,,,,41554.802262757019,88.0250930381369866,,,,
,,,,35373.058574988284,22.4379547858790004,,,,,36056.315593562051,84.77638745423197935,,,,,,,,,,,,,,,41603.325056787396,39.07300199882999415,,,,
,,,,35405.725742689182,26.71145170974399707,,,,,36146.828676726404,68.68128575795398635,,,,,,,,,,,,,,,41662.500701812509,56.81929636115098945,,,,
,,,,35520.138094701964,99.4761512089889945,,,,,36209.99423266553,41.8346689616309958,,,,,,,,,,,,,,,41724.642347900457,35.78691459624599232,,,,
,,,,35551.92390131166,20.63684735538599562,,,,,36338.035641805244,70.78944124828998925,,,,,,,,,,,,,,,41816.031134544066,89.4286732307359951,,,,
,,,,35589.635342631556,31.64303486146399525,,,,,36493.232160087567,143.0267467320499572,,,,,,,,,,,,,,,41904.408088384204,57.4806349276159947,,,,
,,,,35662.44705071423,67.72872989712899965,,,,,36633.603758806305,113.2215863376100056,,,,,,,,,,,,,,,42009.322619996146,97.1300449836959953,,,,
,,,,35735.263349195805,70.43815885879899925,,,,,36826.018259212542,81.14275488422597925,,,,,,,,,,,,,,,42025.337030992592,12.75046810126799806,,,,
,,,,35797.84402268984,59.8474781565929985,,,,,36880.038877776904,36.03805051923299612,,,,,,,,,,,,,,,42160.275693147326,129.079717768289981,,,,
,,,,35945.939950581223,142.5744502786099581,,,,,36988.085482544917,64.2213851441229903,,,,,,,,,,,,,,,,,,,,
,,,,35983.787453321072,31.2380123700270004,,,,,37193.460493507933,173.9452178319600075,,,,,,,,,,,,,,,,,,,,
,,,,36071.566345221025,81.2818529464719856,,,,,37465.088314807459,268.394897983449936,,,,,,,,,,,,,,,,,,,,
,,,,36210.098371038806,122.7865876772000031,,,,,37559.726000694993,82.7413170536480035,,,,,,,,,,,,,,,,,,,,
,,,,36293.653657335791,80.9307780397109863,,,,,37710.887256925749,129.560410990209959,,,,,,,,,,,,,,,,,,,,
,,,,36328.2173925592,30.23934873529899632,,,,,37947.194109501573,212.5380473688499582,,,,,,,,,,,,,,,,,,,,
,,,,36389.247992443497,35.2402654168659949,,,,,38032.498834279894,80.64232032589700315,,,,,,,,,,,,,,,,,,,,
,,,,36447.951532187897,48.95788603802799325,,,,,38185.060781778256,52.25569679985198925,,,,,,,,,,,,,,,,,,,,
,,,,36567.845835076339,30.4305626493669975,,,,,38273.600414310633,73.1250757746659869,,,,,,,,,,,,,,,,,,,,
,,,,36611.723641056602,42.7202480678929957,,,,,38459.620601286486,124.896264740160006,,,,,,,,,,,,,,,,,,,,
,,,,36704.515693493885,81.5239445936909985,,,,,38651.957963682757,158.1913264519000102,,,,,,,,,,,,,,,,,,,,
,,,,36757.915644897634,32.51142542928899092,,,,,38717.31228765241,61.667235841318998,,,,,,,,,,,,,,,,,,,,
,,,,36805.064226332637,44.16034133267199002,,,,,38879.693245772637,136.5590693894199598,,,,,,,,,,,,,,,,,,,,
,,,,36912.614588363704,100.5808566341999888,,,,,39145.503436221606,127.0737725319799831,,,,,,,,,,,,,,,,,,,,
,,,,36950.313607857422,6.305176314074000005,,,,,39270.585882701726,118.4041547708399941,,,,,,,,,,,,,,,,,,,,
,,,,37005.261206835431,44.9214792079440029,,,,,,,,,,,,,,,,,,,,,,,,,,
,,,,37042.945057774504,27.45307871494699715,,,,,,,,,,,,,,,,,,,,,,,,,,
,,,,37108.001489493697,50.089073375159998,,,,,,,,,,,,,,,,,,,,,,,,,,
,,,,37166.247752572469,49.25568463793399565,,,,,,,,,,,,,,,,,,,,,,,,,,
,,,,37212.533966379678,41.9038243478119908,,,,,,,,,,,,,,,,,,,,,,,,,,
,,,,37255.536385186486,33.95593730542799437,,,,,,,,,,,,,,,,,,,,,,,,,,
,,,,37399.192478173305,119.51964601314998,,,,,,,,,,,,,,,,,,,,,,,,,,
,,,,37549.660880456233,117.1501923126799903,,,,,,,,,,,,,,,,,,,,,,,,,,
,,,,37610.073416327952,56.38890857010399295,,,,,,,,,,,,,,,,,,,,,,,,,,
,,,,37700.7403836147,52.30050662366899395,,,,,,,,,,,,,,,,,,,,,,,,,,
,,,,37748.122283218137,43.10151435559698977,,,,,,,,,,,,,,,,,,,,,,,,,,
,,,,37868.507782286173,94.1960881482309841,,,,,,,,,,,,,,,,,,,,,,,,,,
,,,,38060.575173233786,190.1079720809599956,,,,,,,,,,,,,,,,,,,,,,,,,,
,,,,38156.48921551129,92.3688699608389922,,,,,,,,,,,,,,,,,,,,,,,,,,
,,,,38254.089705732033,55.59830886667999985,,,,,,,,,,,,,,,,,,,,,,,,,,
,,,,38312.963476693042,52.39427960226299755,,,,,,,,,,,,,,,,,,,,,,,,,,
,,,,38374.755243488747,49.36708569614199845,,,,,,,,,,,,,,,,,,,,,,,,,,
,,,,38455.926752815069,76.4171891132399988,,,,,,,,,,,,,,,,,,,,,,,,,,
,,,,38515.287876300334,57.881175833017991,,,,,,,,,,,,,,,,,,,,,,,,,,
,,,,38577.03783537268,60.24072612424299655,,,,,,,,,,,,,,,,,,,,,,,,,,
,,,,38611.409820555818,19.97514933138799613,,,,,,,,,,,,,,,,,,,,,,,,,,
,,,,38655.635668441564,42.13323033721898967,,,,,,,,,,,,,,,,,,,,,,,,,,
,,,,38687.614620028015,26.33912404511999472,,,,,,,,,,,,,,,,,,,,,,,,,,
,,,,38763.551887620581,58.4240060832569978,,,,,,,,,,,,,,,,,,,,,,,,,,
,,,,38868.503140243394,102.3291149551299948,,,,,,,,,,,,,,,,,,,,,,,,,,
,,,,38939.447912269899,41.44834910040700025,,,,,,,,,,,,,,,,,,,,,,,,,,
,,,,39054.39321054485,113.8948760053899883,,,,,,,,,,,,,,,,,,,,,,,,,,
,,,,39082.445969085692,26.57782277667799765,,,,,,,,,,,,,,,,,,,,,,,,,,
,,,,39198.506436839427,84.51400656067897875,,,,,,,,,,,,,,,,,,,,,,,,,,
,,,,39253.417508460102,40.52292441328400217,,,,,,,,,,,,,,,,,,,,,,,,,,
,,,,39366.580914725458,80.0312929033069904,,,,,,,,,,,,,,,,,,,,,,,,,,
,,,,39435.753829094,31.4139179208520004,,,,,,,,,,,,,,,,,,,,,,,,,,
,,,,39604.21156865373,166.1102710821999718,,,,,,,,,,,,,,,,,,,,,,,,,,
,,,,39712.471539822757,73.2690073325509841,,,,,,,,,,,,,,,,,,,,,,,,,,
,,,,39812.492367284415,87.16174777715298175,,,,,,,,,,,,,,,,,,,,,,,,,,
,,,,39861.743765519128,39.53077643514399125,,,,,,,,,,,,,,,,,,,,,,,,,,
,,,,40036.699139378399,173.847055637950006,,,,,,,,,,,,,,,,,,,,,,,,,,
,,,,40142.830351478316,78.82387257367199105,,,,,,,,,,,,,,,,,,,,,,,,,,
,,,,40393.823534059392,241.807869146389975,,,,,,,,,,,,,,,,,,,,,,,,,,
,,,,40480.888782228915,63.12120063068999765,,,,,,,,,,,,,,,,,,,,,,,,,,
,,,,40514.954578017935,28.23827819471799912,,,,,,,,,,,,,,,,,,,,,,,,,,
,,,,40591.031535931473,49.2185805941579984,,,,,,,,,,,,,,,,,,,,,,,,,,
